batch_id	phase	issue_number	node_id	former_url	raw_sha256	governed_destination	merged_commit	actor	timestamp_utc	result
completed-001	pre_delete	8	I_kwDOONYVBs8AAAABBx2f4A	https://github.com/pdomain/pdomain-book-tools/issues/8	73be7f8298730f953655ec77c707e4c2d53691080d47353a07941a087f7afd5c	This ledger; `tests/ocr/test_page_rendering_helpers_coverage.py`	6842ec6b11c06c9b987b384b4abf7e9dc4699014	ConcaveTrillion	2026-07-19T15:35:09Z	ready
completed-001	pre_delete	9	I_kwDOONYVBs8AAAABBx2f_A	https://github.com/pdomain/pdomain-book-tools/issues/9	ef5d97c8e86d7764372344ebefa1f778d01f50af3fc9b5e6c1993ce7d7104263	This ledger; `tests/ocr/test_page_training_set_generators.py`	6842ec6b11c06c9b987b384b4abf7e9dc4699014	ConcaveTrillion	2026-07-19T15:35:09Z	ready
completed-001	pre_delete	10	I_kwDOONYVBs8AAAABBx2gFQ	https://github.com/pdomain/pdomain-book-tools/issues/10	97f3d56fd63d4eb376a66842246f646172e74f93c866740fc081ab4236be658e	This ledger; `tests/ocr/test_ground_truth_matching_coverage.py`	6842ec6b11c06c9b987b384b4abf7e9dc4699014	ConcaveTrillion	2026-07-19T15:35:09Z	ready
completed-001	pre_delete	11	I_kwDOONYVBs8AAAABBx2gMQ	https://github.com/pdomain/pdomain-book-tools/issues/11	42a1d34fa3111e025e524583c6ceb300e7e71c1c86f566949206bdc3773d22a4	This ledger; `docs/architecture/tesseract-integration.md`; `tests/ocr/test_cv2_tesseract.py`; `pdomain_book_tools/ocr/cv2_tesseract.py`	6842ec6b11c06c9b987b384b4abf7e9dc4699014	ConcaveTrillion	2026-07-19T15:35:09Z	ready
completed-001	pre_delete	12	I_kwDOONYVBs8AAAABBx2gSQ	https://github.com/pdomain/pdomain-book-tools/issues/12	46ed69aee9312e925d85fb270f07ce273672db62e8d9daf805c8d5ed2a08637d	This ledger; `pyproject.toml`; `Makefile`; `scripts/coverage_reporter.py`; coverage tests	6842ec6b11c06c9b987b384b4abf7e9dc4699014	ConcaveTrillion	2026-07-19T15:35:09Z	ready
completed-001	pre_delete	13	I_kwDOONYVBs8AAAABBx2gWw	https://github.com/pdomain/pdomain-book-tools/issues/13	04a7b69428b302b5b87d4317ec35e39a87ee3c940028cc7d53b0ccfab3d49992	This ledger; `docs/specs/06a-word-reference-lines-audit.md`; `docs/specs/06b-word-reference-lines-api.md`; `docs/specs/06c-word-reference-lines-testing.md`; `docs/specs/_index.md`	6842ec6b11c06c9b987b384b4abf7e9dc4699014	ConcaveTrillion	2026-07-19T15:35:09Z	ready
completed-001	pre_delete	14	I_kwDOONYVBs8AAAABBx__sw	https://github.com/pdomain/pdomain-book-tools/issues/14	63abf3d968c93d9b00d1f5dc4964e7ee0db2935a45f278edace861799b875c99	This ledger; `tests/ocr/test_reorganize_page_utils_grouping.py`	6842ec6b11c06c9b987b384b4abf7e9dc4699014	ConcaveTrillion	2026-07-19T15:35:09Z	ready
completed-001	pre_delete	18	I_kwDOONYVBs8AAAABBzkbJg	https://github.com/pdomain/pdomain-book-tools/issues/18	c4987a504213d2c9d2517962f97966d1256bb7d2da008161f653d6f8a9d61ce7	This ledger; immutable raw export	6842ec6b11c06c9b987b384b4abf7e9dc4699014	ConcaveTrillion	2026-07-19T15:35:09Z	ready
completed-001	pre_delete	19	I_kwDOONYVBs8AAAABBzmjlw	https://github.com/pdomain/pdomain-book-tools/issues/19	cd0fa4f2ab1ea6d1c434a0ce91c280d11d6cca44391973fefbed927daf9506b8	This ledger; immutable raw export	6842ec6b11c06c9b987b384b4abf7e9dc4699014	ConcaveTrillion	2026-07-19T15:35:09Z	ready
completed-001	pre_delete	21	I_kwDOONYVBs8AAAABBzruAw	https://github.com/pdomain/pdomain-book-tools/issues/21	a83905de9e99040e6010943055ffbe3353e23e475686eedbcb49ad4a6b574d46	This ledger; immutable raw export	6842ec6b11c06c9b987b384b4abf7e9dc4699014	ConcaveTrillion	2026-07-19T15:35:09Z	ready
completed-001	post_delete_verification	8	I_kwDOONYVBs8AAAABBx2f4A	https://github.com/pdomain/pdomain-book-tools/issues/8	73be7f8298730f953655ec77c707e4c2d53691080d47353a07941a087f7afd5c	This ledger; `tests/ocr/test_page_rendering_helpers_coverage.py`	6842ec6b11c06c9b987b384b4abf7e9dc4699014	ConcaveTrillion	2026-07-19T15:36:32Z	deleted_verified
completed-001	post_delete_verification	9	I_kwDOONYVBs8AAAABBx2f_A	https://github.com/pdomain/pdomain-book-tools/issues/9	ef5d97c8e86d7764372344ebefa1f778d01f50af3fc9b5e6c1993ce7d7104263	This ledger; `tests/ocr/test_page_training_set_generators.py`	6842ec6b11c06c9b987b384b4abf7e9dc4699014	ConcaveTrillion	2026-07-19T15:36:32Z	deleted_verified
completed-001	post_delete_verification	10	I_kwDOONYVBs8AAAABBx2gFQ	https://github.com/pdomain/pdomain-book-tools/issues/10	97f3d56fd63d4eb376a66842246f646172e74f93c866740fc081ab4236be658e	This ledger; `tests/ocr/test_ground_truth_matching_coverage.py`	6842ec6b11c06c9b987b384b4abf7e9dc4699014	ConcaveTrillion	2026-07-19T15:36:32Z	deleted_verified
completed-001	post_delete_verification	11	I_kwDOONYVBs8AAAABBx2gMQ	https://github.com/pdomain/pdomain-book-tools/issues/11	42a1d34fa3111e025e524583c6ceb300e7e71c1c86f566949206bdc3773d22a4	This ledger; `docs/architecture/tesseract-integration.md`; `tests/ocr/test_cv2_tesseract.py`; `pdomain_book_tools/ocr/cv2_tesseract.py`	6842ec6b11c06c9b987b384b4abf7e9dc4699014	ConcaveTrillion	2026-07-19T15:36:32Z	deleted_verified
completed-001	post_delete_verification	12	I_kwDOONYVBs8AAAABBx2gSQ	https://github.com/pdomain/pdomain-book-tools/issues/12	46ed69aee9312e925d85fb270f07ce273672db62e8d9daf805c8d5ed2a08637d	This ledger; `pyproject.toml`; `Makefile`; `scripts/coverage_reporter.py`; coverage tests	6842ec6b11c06c9b987b384b4abf7e9dc4699014	ConcaveTrillion	2026-07-19T15:36:32Z	deleted_verified
completed-001	post_delete_verification	13	I_kwDOONYVBs8AAAABBx2gWw	https://github.com/pdomain/pdomain-book-tools/issues/13	04a7b69428b302b5b87d4317ec35e39a87ee3c940028cc7d53b0ccfab3d49992	This ledger; `docs/specs/06a-word-reference-lines-audit.md`; `docs/specs/06b-word-reference-lines-api.md`; `docs/specs/06c-word-reference-lines-testing.md`; `docs/specs/_index.md`	6842ec6b11c06c9b987b384b4abf7e9dc4699014	ConcaveTrillion	2026-07-19T15:36:32Z	deleted_verified
completed-001	post_delete_verification	14	I_kwDOONYVBs8AAAABBx__sw	https://github.com/pdomain/pdomain-book-tools/issues/14	63abf3d968c93d9b00d1f5dc4964e7ee0db2935a45f278edace861799b875c99	This ledger; `tests/ocr/test_reorganize_page_utils_grouping.py`	6842ec6b11c06c9b987b384b4abf7e9dc4699014	ConcaveTrillion	2026-07-19T15:36:32Z	deleted_verified
completed-001	post_delete_verification	18	I_kwDOONYVBs8AAAABBzkbJg	https://github.com/pdomain/pdomain-book-tools/issues/18	c4987a504213d2c9d2517962f97966d1256bb7d2da008161f653d6f8a9d61ce7	This ledger; immutable raw export	6842ec6b11c06c9b987b384b4abf7e9dc4699014	ConcaveTrillion	2026-07-19T15:36:32Z	deleted_verified
completed-001	post_delete_verification	19	I_kwDOONYVBs8AAAABBzmjlw	https://github.com/pdomain/pdomain-book-tools/issues/19	cd0fa4f2ab1ea6d1c434a0ce91c280d11d6cca44391973fefbed927daf9506b8	This ledger; immutable raw export	6842ec6b11c06c9b987b384b4abf7e9dc4699014	ConcaveTrillion	2026-07-19T15:36:32Z	deleted_verified
completed-001	post_delete_verification	21	I_kwDOONYVBs8AAAABBzruAw	https://github.com/pdomain/pdomain-book-tools/issues/21	a83905de9e99040e6010943055ffbe3353e23e475686eedbcb49ad4a6b574d46	This ledger; immutable raw export	6842ec6b11c06c9b987b384b4abf7e9dc4699014	ConcaveTrillion	2026-07-19T15:36:32Z	deleted_verified
completed-002	pre_delete	22	I_kwDOONYVBs8AAAABBzrxrQ	https://github.com/pdomain/pdomain-book-tools/issues/22	214878e7bb0218adb884b49dbec65ec2d4e0e589e20552bba72a63340b564aee	This ledger; immutable raw export	6842ec6b11c06c9b987b384b4abf7e9dc4699014	ConcaveTrillion	2026-07-19T15:36:54Z	ready
completed-002	pre_delete	23	I_kwDOONYVBs8AAAABB0yJdQ	https://github.com/pdomain/pdomain-book-tools/issues/23	e1d55565aa7301ec77e81b9ee4884494af6807d92d4a885410fa21a9871dbd67	This ledger; `pyproject.toml`	6842ec6b11c06c9b987b384b4abf7e9dc4699014	ConcaveTrillion	2026-07-19T15:36:54Z	ready
completed-002	pre_delete	24	I_kwDOONYVBs8AAAABB0616w	https://github.com/pdomain/pdomain-book-tools/issues/24	15f72df435ee2baaa15813bf5719df2c10633101119bd4f7b64d4a715e0a2f92	This ledger; `docs/architecture/page-serialization.md`; `docs/context/decisions.md`	6842ec6b11c06c9b987b384b4abf7e9dc4699014	ConcaveTrillion	2026-07-19T15:36:54Z	ready
completed-002	pre_delete	25	I_kwDOONYVBs8AAAABB07PKA	https://github.com/pdomain/pdomain-book-tools/issues/25	089c5fff11f8a0142ff002d99129310757d0f4b965a05fde0111456b007c5e1e	This ledger; `docs/architecture/page-serialization.md`; `pdomain_book_tools/ocr/page.py`; `tests/test_page_model_doc.py`	6842ec6b11c06c9b987b384b4abf7e9dc4699014	ConcaveTrillion	2026-07-19T15:36:54Z	ready
completed-002	pre_delete	26	I_kwDOONYVBs8AAAABB07SYg	https://github.com/pdomain/pdomain-book-tools/issues/26	eaad6d141658843270a6ccabf93e384756ce2e76819ad81e45feea3ebd1cf9f8	This ledger; `docs/architecture/ocr-page-orientation.md`; `docs/context/decisions.md`	6842ec6b11c06c9b987b384b4abf7e9dc4699014	ConcaveTrillion	2026-07-19T15:36:54Z	ready
completed-002	pre_delete	27	I_kwDOONYVBs8AAAABB07Sig	https://github.com/pdomain/pdomain-book-tools/issues/27	009444c330230e67d4f02ef3fd076efaf7e2e6a18b4c7914c0d4f2754e502929	This ledger; `docs/architecture/reorganize-page-pipeline.md`; `docs/context/decisions.md`	6842ec6b11c06c9b987b384b4abf7e9dc4699014	ConcaveTrillion	2026-07-19T15:36:54Z	ready
completed-002	pre_delete	28	I_kwDOONYVBs8AAAABB07ThA	https://github.com/pdomain/pdomain-book-tools/issues/28	8019b835f7022a85a7934e5adee3c6ed4b7fd545d8e50cc70a9fe81bae7d7e77	This ledger; `docs/architecture/layout-regression-fixture-corpus.md`; `docs/context/decisions.md`; layout and reorganize fixture tests	6842ec6b11c06c9b987b384b4abf7e9dc4699014	ConcaveTrillion	2026-07-19T15:36:54Z	ready
completed-002	pre_delete	29	I_kwDOONYVBs8AAAABB07Trw	https://github.com/pdomain/pdomain-book-tools/issues/29	5ad76da7c520fcd2148e8c68f61da3e5020969990296c1d0d7a78a93b7ad6c83	This ledger; `docs/architecture/glyph-annotations.md`; `docs/context/decisions.md`; `pdomain_book_tools/ocr/glyph_annotations.py`; `tests/ocr/test_glyph_annotations.py`	6842ec6b11c06c9b987b384b4abf7e9dc4699014	ConcaveTrillion	2026-07-19T15:36:54Z	ready
completed-002	pre_delete	30	I_kwDOONYVBs8AAAABB07alg	https://github.com/pdomain/pdomain-book-tools/issues/30	20464714da37f45ba9b5ba1a7043b6a993f15f0f6a98c47aaa0404a18bd5aecb	This ledger; `docs/architecture/ocr-page-orientation.md`; `pdomain_book_tools/ocr/rotation.py`; `pdomain_book_tools/ocr/document.py`; `tests/ocr/test_rotation.py`	6842ec6b11c06c9b987b384b4abf7e9dc4699014	ConcaveTrillion	2026-07-19T15:36:54Z	ready
completed-002	pre_delete	31	I_kwDOONYVBs8AAAABB07a7A	https://github.com/pdomain/pdomain-book-tools/issues/31	d53cd5d3160317e54a3d6b10643404b643a67160d9a0fb69fe03c2fb783a644a	This ledger; `docs/architecture/reorganize-page-pipeline.md`; `pdomain_book_tools/ocr/page.py`; `pdomain_book_tools/ocr/reorganize_page_utils.py`; reorganize tests	6842ec6b11c06c9b987b384b4abf7e9dc4699014	ConcaveTrillion	2026-07-19T15:36:54Z	ready
completed-002	post_delete_verification	22	I_kwDOONYVBs8AAAABBzrxrQ	https://github.com/pdomain/pdomain-book-tools/issues/22	214878e7bb0218adb884b49dbec65ec2d4e0e589e20552bba72a63340b564aee	This ledger; immutable raw export	6842ec6b11c06c9b987b384b4abf7e9dc4699014	ConcaveTrillion	2026-07-19T15:37:08Z	deleted_verified
completed-002	post_delete_verification	23	I_kwDOONYVBs8AAAABB0yJdQ	https://github.com/pdomain/pdomain-book-tools/issues/23	e1d55565aa7301ec77e81b9ee4884494af6807d92d4a885410fa21a9871dbd67	This ledger; `pyproject.toml`	6842ec6b11c06c9b987b384b4abf7e9dc4699014	ConcaveTrillion	2026-07-19T15:37:08Z	deleted_verified
completed-002	post_delete_verification	24	I_kwDOONYVBs8AAAABB0616w	https://github.com/pdomain/pdomain-book-tools/issues/24	15f72df435ee2baaa15813bf5719df2c10633101119bd4f7b64d4a715e0a2f92	This ledger; `docs/architecture/page-serialization.md`; `docs/context/decisions.md`	6842ec6b11c06c9b987b384b4abf7e9dc4699014	ConcaveTrillion	2026-07-19T15:37:08Z	deleted_verified
completed-002	post_delete_verification	25	I_kwDOONYVBs8AAAABB07PKA	https://github.com/pdomain/pdomain-book-tools/issues/25	089c5fff11f8a0142ff002d99129310757d0f4b965a05fde0111456b007c5e1e	This ledger; `docs/architecture/page-serialization.md`; `pdomain_book_tools/ocr/page.py`; `tests/test_page_model_doc.py`	6842ec6b11c06c9b987b384b4abf7e9dc4699014	ConcaveTrillion	2026-07-19T15:37:08Z	deleted_verified
completed-002	post_delete_verification	26	I_kwDOONYVBs8AAAABB07SYg	https://github.com/pdomain/pdomain-book-tools/issues/26	eaad6d141658843270a6ccabf93e384756ce2e76819ad81e45feea3ebd1cf9f8	This ledger; `docs/architecture/ocr-page-orientation.md`; `docs/context/decisions.md`	6842ec6b11c06c9b987b384b4abf7e9dc4699014	ConcaveTrillion	2026-07-19T15:37:08Z	deleted_verified
completed-002	post_delete_verification	27	I_kwDOONYVBs8AAAABB07Sig	https://github.com/pdomain/pdomain-book-tools/issues/27	009444c330230e67d4f02ef3fd076efaf7e2e6a18b4c7914c0d4f2754e502929	This ledger; `docs/architecture/reorganize-page-pipeline.md`; `docs/context/decisions.md`	6842ec6b11c06c9b987b384b4abf7e9dc4699014	ConcaveTrillion	2026-07-19T15:37:08Z	deleted_verified
completed-002	post_delete_verification	28	I_kwDOONYVBs8AAAABB07ThA	https://github.com/pdomain/pdomain-book-tools/issues/28	8019b835f7022a85a7934e5adee3c6ed4b7fd545d8e50cc70a9fe81bae7d7e77	This ledger; `docs/architecture/layout-regression-fixture-corpus.md`; `docs/context/decisions.md`; layout and reorganize fixture tests	6842ec6b11c06c9b987b384b4abf7e9dc4699014	ConcaveTrillion	2026-07-19T15:37:08Z	deleted_verified
completed-002	post_delete_verification	29	I_kwDOONYVBs8AAAABB07Trw	https://github.com/pdomain/pdomain-book-tools/issues/29	5ad76da7c520fcd2148e8c68f61da3e5020969990296c1d0d7a78a93b7ad6c83	This ledger; `docs/architecture/glyph-annotations.md`; `docs/context/decisions.md`; `pdomain_book_tools/ocr/glyph_annotations.py`; `tests/ocr/test_glyph_annotations.py`	6842ec6b11c06c9b987b384b4abf7e9dc4699014	ConcaveTrillion	2026-07-19T15:37:08Z	deleted_verified
completed-002	post_delete_verification	30	I_kwDOONYVBs8AAAABB07alg	https://github.com/pdomain/pdomain-book-tools/issues/30	20464714da37f45ba9b5ba1a7043b6a993f15f0f6a98c47aaa0404a18bd5aecb	This ledger; `docs/architecture/ocr-page-orientation.md`; `pdomain_book_tools/ocr/rotation.py`; `pdomain_book_tools/ocr/document.py`; `tests/ocr/test_rotation.py`	6842ec6b11c06c9b987b384b4abf7e9dc4699014	ConcaveTrillion	2026-07-19T15:37:08Z	deleted_verified
completed-002	post_delete_verification	31	I_kwDOONYVBs8AAAABB07a7A	https://github.com/pdomain/pdomain-book-tools/issues/31	d53cd5d3160317e54a3d6b10643404b643a67160d9a0fb69fe03c2fb783a644a	This ledger; `docs/architecture/reorganize-page-pipeline.md`; `pdomain_book_tools/ocr/page.py`; `pdomain_book_tools/ocr/reorganize_page_utils.py`; reorganize tests	6842ec6b11c06c9b987b384b4abf7e9dc4699014	ConcaveTrillion	2026-07-19T15:37:08Z	deleted_verified
completed-003	pre_delete	32	I_kwDOONYVBs8AAAABB07bTw	https://github.com/pdomain/pdomain-book-tools/issues/32	2850570d7533e763a83aadd065d6b5b614391588b1a68a63a2cf57dc2fa5e35a	This ledger; `docs/architecture/layout-regression-fixture-corpus.md`; layout and reorganize fixture tests	6842ec6b11c06c9b987b384b4abf7e9dc4699014	ConcaveTrillion	2026-07-19T15:37:17Z	ready
completed-003	pre_delete	33	I_kwDOONYVBs8AAAABB07bxA	https://github.com/pdomain/pdomain-book-tools/issues/33	51d4739b3034db307ea2eab185709ef1d9e1ee8a7a182d4f2f6a43f8811978e2	This ledger; `docs/architecture/glyph-annotations.md`; issue #41 implementation evidence	6842ec6b11c06c9b987b384b4abf7e9dc4699014	ConcaveTrillion	2026-07-19T15:37:17Z	ready
completed-003	pre_delete	35	I_kwDOONYVBs8AAAABB3LObQ	https://github.com/pdomain/pdomain-book-tools/issues/35	b3d590b69d90603afa5406e4e1b2ce215b69ebc9baadccebc399a48e8c2766eb	This ledger; geometry repr implementation and tests	6842ec6b11c06c9b987b384b4abf7e9dc4699014	ConcaveTrillion	2026-07-19T15:37:17Z	ready
completed-003	pre_delete	36	I_kwDOONYVBs8AAAABB3LaTw	https://github.com/pdomain/pdomain-book-tools/issues/36	9b9917d8d6d772a2e6f00865e574054d1f189cfe30d5da8fc385b051dbe48b38	This ledger; geometry repr implementation and tests	6842ec6b11c06c9b987b384b4abf7e9dc4699014	ConcaveTrillion	2026-07-19T15:37:17Z	ready
completed-003	pre_delete	38	I_kwDOONYVBs8AAAABB3MeOQ	https://github.com/pdomain/pdomain-book-tools/issues/38	7e3fdcf0cb3906d5cf10cb365bcbb0688e03fb7f0dc365e1c92fde6f33a391a4	This ledger; `pdomain_book_tools/geometry/bounding_box.py`; repr tests	6842ec6b11c06c9b987b384b4abf7e9dc4699014	ConcaveTrillion	2026-07-19T15:37:17Z	ready
completed-003	pre_delete	39	I_kwDOONYVBs8AAAABB3MfGw	https://github.com/pdomain/pdomain-book-tools/issues/39	5424bd1958c4dbf8927f0f284b839e83cc7e869ef48966a680946e1e40fa2346	This ledger; `pdomain_book_tools/geometry/point.py`; repr tests	6842ec6b11c06c9b987b384b4abf7e9dc4699014	ConcaveTrillion	2026-07-19T15:37:17Z	ready
completed-003	pre_delete	40	I_kwDOONYVBs8AAAABB3MgMw	https://github.com/pdomain/pdomain-book-tools/issues/40	b90696134e506158a1df97265e00bd7a3446df9459a73eaada62b5998377e974	This ledger; `tests/test_geometry_repr.py`; geometry repr tests	6842ec6b11c06c9b987b384b4abf7e9dc4699014	ConcaveTrillion	2026-07-19T15:37:17Z	ready
completed-003	pre_delete	41	I_kwDOONYVBs8AAAABB3MuEw	https://github.com/pdomain/pdomain-book-tools/issues/41	ee2438437c67de6577ac92d9ef241007770cb6e70ec0a4d9f03fa8c5154bd9b5	This ledger; `docs/architecture/glyph-annotations.md`; glyph implementation and tests	6842ec6b11c06c9b987b384b4abf7e9dc4699014	ConcaveTrillion	2026-07-19T15:37:17Z	ready
completed-003	pre_delete	42	I_kwDOONYVBs8AAAABB3RyAQ	https://github.com/pdomain/pdomain-book-tools/issues/42	dc421b541e3c7126516360015d77c9f06868e8f4e06c7c31cca8e555d652f007	This ledger; `Makefile`	6842ec6b11c06c9b987b384b4abf7e9dc4699014	ConcaveTrillion	2026-07-19T15:37:17Z	ready
completed-003	pre_delete	44	I_kwDOONYVBs8AAAABB3a1uQ	https://github.com/pdomain/pdomain-book-tools/issues/44	80abdf9870d18d98ca73ff442cee19bd906faac59271656ca6e81ebfdf93e058	This ledger; immutable raw export; `ConcaveTrillion/ocr-container-meta#2`	6842ec6b11c06c9b987b384b4abf7e9dc4699014	ConcaveTrillion	2026-07-19T15:37:17Z	ready
completed-003	post_delete_verification	32	I_kwDOONYVBs8AAAABB07bTw	https://github.com/pdomain/pdomain-book-tools/issues/32	2850570d7533e763a83aadd065d6b5b614391588b1a68a63a2cf57dc2fa5e35a	This ledger; `docs/architecture/layout-regression-fixture-corpus.md`; layout and reorganize fixture tests	6842ec6b11c06c9b987b384b4abf7e9dc4699014	ConcaveTrillion	2026-07-19T15:37:32Z	deleted_verified
completed-003	post_delete_verification	33	I_kwDOONYVBs8AAAABB07bxA	https://github.com/pdomain/pdomain-book-tools/issues/33	51d4739b3034db307ea2eab185709ef1d9e1ee8a7a182d4f2f6a43f8811978e2	This ledger; `docs/architecture/glyph-annotations.md`; issue #41 implementation evidence	6842ec6b11c06c9b987b384b4abf7e9dc4699014	ConcaveTrillion	2026-07-19T15:37:32Z	deleted_verified
completed-003	post_delete_verification	35	I_kwDOONYVBs8AAAABB3LObQ	https://github.com/pdomain/pdomain-book-tools/issues/35	b3d590b69d90603afa5406e4e1b2ce215b69ebc9baadccebc399a48e8c2766eb	This ledger; geometry repr implementation and tests	6842ec6b11c06c9b987b384b4abf7e9dc4699014	ConcaveTrillion	2026-07-19T15:37:32Z	deleted_verified
completed-003	post_delete_verification	36	I_kwDOONYVBs8AAAABB3LaTw	https://github.com/pdomain/pdomain-book-tools/issues/36	9b9917d8d6d772a2e6f00865e574054d1f189cfe30d5da8fc385b051dbe48b38	This ledger; geometry repr implementation and tests	6842ec6b11c06c9b987b384b4abf7e9dc4699014	ConcaveTrillion	2026-07-19T15:37:32Z	deleted_verified
completed-003	post_delete_verification	38	I_kwDOONYVBs8AAAABB3MeOQ	https://github.com/pdomain/pdomain-book-tools/issues/38	7e3fdcf0cb3906d5cf10cb365bcbb0688e03fb7f0dc365e1c92fde6f33a391a4	This ledger; `pdomain_book_tools/geometry/bounding_box.py`; repr tests	6842ec6b11c06c9b987b384b4abf7e9dc4699014	ConcaveTrillion	2026-07-19T15:37:32Z	deleted_verified
completed-003	post_delete_verification	39	I_kwDOONYVBs8AAAABB3MfGw	https://github.com/pdomain/pdomain-book-tools/issues/39	5424bd1958c4dbf8927f0f284b839e83cc7e869ef48966a680946e1e40fa2346	This ledger; `pdomain_book_tools/geometry/point.py`; repr tests	6842ec6b11c06c9b987b384b4abf7e9dc4699014	ConcaveTrillion	2026-07-19T15:37:32Z	deleted_verified
completed-003	post_delete_verification	40	I_kwDOONYVBs8AAAABB3MgMw	https://github.com/pdomain/pdomain-book-tools/issues/40	b90696134e506158a1df97265e00bd7a3446df9459a73eaada62b5998377e974	This ledger; `tests/test_geometry_repr.py`; geometry repr tests	6842ec6b11c06c9b987b384b4abf7e9dc4699014	ConcaveTrillion	2026-07-19T15:37:32Z	deleted_verified
completed-003	post_delete_verification	41	I_kwDOONYVBs8AAAABB3MuEw	https://github.com/pdomain/pdomain-book-tools/issues/41	ee2438437c67de6577ac92d9ef241007770cb6e70ec0a4d9f03fa8c5154bd9b5	This ledger; `docs/architecture/glyph-annotations.md`; glyph implementation and tests	6842ec6b11c06c9b987b384b4abf7e9dc4699014	ConcaveTrillion	2026-07-19T15:37:32Z	deleted_verified
completed-003	post_delete_verification	42	I_kwDOONYVBs8AAAABB3RyAQ	https://github.com/pdomain/pdomain-book-tools/issues/42	dc421b541e3c7126516360015d77c9f06868e8f4e06c7c31cca8e555d652f007	This ledger; `Makefile`	6842ec6b11c06c9b987b384b4abf7e9dc4699014	ConcaveTrillion	2026-07-19T15:37:32Z	deleted_verified
completed-003	post_delete_verification	44	I_kwDOONYVBs8AAAABB3a1uQ	https://github.com/pdomain/pdomain-book-tools/issues/44	80abdf9870d18d98ca73ff442cee19bd906faac59271656ca6e81ebfdf93e058	This ledger; immutable raw export; `ConcaveTrillion/ocr-container-meta#2`	6842ec6b11c06c9b987b384b4abf7e9dc4699014	ConcaveTrillion	2026-07-19T15:37:32Z	deleted_verified
completed-004	pre_delete	51	I_kwDOONYVBs8AAAABB4IuFg	https://github.com/pdomain/pdomain-book-tools/issues/51	ddcce13f3f64f8e5c425fa1c8f5e1de698d4d1b541b738b26242cf5205fd758d	This ledger; `pdomain_book_tools/geometry/bounding_box.py`; `tests/test_geometry_repr.py`; `tests/geometry/test_bounding_box.py`	6842ec6b11c06c9b987b384b4abf7e9dc4699014	ConcaveTrillion	2026-07-19T15:37:41Z	ready
completed-004	pre_delete	52	I_kwDOONYVBs8AAAABCUu_xw	https://github.com/pdomain/pdomain-book-tools/issues/52	c886d9b4f39387f9c0df368581d999b092ccc35bfc4f57c8d3bcc605d42e8490	This ledger; `docs/architecture/ocr-model-and-schema-boundaries.md`; `docs/architecture/page-serialization.md`; review metadata code and tests	6842ec6b11c06c9b987b384b4abf7e9dc4699014	ConcaveTrillion	2026-07-19T15:37:41Z	ready
completed-004	pre_delete	53	I_kwDOONYVBs8AAAABCUyUaA	https://github.com/pdomain/pdomain-book-tools/issues/53	c7f409ac8965db8ba397f948df60ed430f7072ea1b016db606d66c28b33cefb8	This ledger; immutable raw export; existing line and page APIs	6842ec6b11c06c9b987b384b4abf7e9dc4699014	ConcaveTrillion	2026-07-19T15:37:41Z	ready
completed-004	pre_delete	55	I_kwDOONYVBs8AAAABCgaSuQ	https://github.com/pdomain/pdomain-book-tools/issues/55	f23e483e6a0ed1481533710cab55b8c28aa6ca1182aebb7c061a3cb06534838f	This ledger; immutable raw export; meta-repository cross-cut tracking	6842ec6b11c06c9b987b384b4abf7e9dc4699014	ConcaveTrillion	2026-07-19T15:37:41Z	ready
completed-004	pre_delete	56	I_kwDOONYVBs8AAAABCgaS3A	https://github.com/pdomain/pdomain-book-tools/issues/56	08cd1949b1a73f3d75fad31c09a0eac07791a14aeec0ab732eb0797fb1c0e507	This ledger; immutable raw export; meta-repository cross-cut tracking	6842ec6b11c06c9b987b384b4abf7e9dc4699014	ConcaveTrillion	2026-07-19T15:37:41Z	ready
completed-004	pre_delete	57	I_kwDOONYVBs8AAAABCgaS_Q	https://github.com/pdomain/pdomain-book-tools/issues/57	e7e0ab33db019cbe59984ff2a9ee3ea175e147a79b37bb2351e0be139f3235af	This ledger; immutable raw export; meta-repository cross-cut tracking	6842ec6b11c06c9b987b384b4abf7e9dc4699014	ConcaveTrillion	2026-07-19T15:37:41Z	ready
completed-004	pre_delete	58	I_kwDOONYVBs8AAAABCgak9g	https://github.com/pdomain/pdomain-book-tools/issues/58	8ff6df861e3ff25a7a09366b895f1e4f066d4231b80d608a10bc7aeb4d01d84e	This ledger; immutable raw export; meta-repository cross-cut tracking	6842ec6b11c06c9b987b384b4abf7e9dc4699014	ConcaveTrillion	2026-07-19T15:37:41Z	ready
completed-004	pre_delete	59	I_kwDOONYVBs8AAAABCgalFA	https://github.com/pdomain/pdomain-book-tools/issues/59	ab85ed796c243d0acef8658e584b8d38a873777a9f2b8c405288283ace95fe5b	This ledger; immutable raw export; meta-repository cross-cut tracking	6842ec6b11c06c9b987b384b4abf7e9dc4699014	ConcaveTrillion	2026-07-19T15:37:41Z	ready
completed-004	pre_delete	60	I_kwDOONYVBs8AAAABCgalMA	https://github.com/pdomain/pdomain-book-tools/issues/60	49bfbbdb1fc05ac4a0adaaba520ecbb00303543ce8f8dcb38f9209479626dae0	This ledger; immutable raw export; meta-repository cross-cut tracking	6842ec6b11c06c9b987b384b4abf7e9dc4699014	ConcaveTrillion	2026-07-19T15:37:41Z	ready
completed-004	pre_delete	61	I_kwDOONYVBs8AAAABCgalSg	https://github.com/pdomain/pdomain-book-tools/issues/61	bc2618bba4ee61b1c55564bc9baefb20fb2ca31cf3f190367b3d42aa392ffac1	This ledger; immutable raw export; commits `167995f`, `66ea04f`, and `cc783c5`; meta-repository cross-cut tracking	6842ec6b11c06c9b987b384b4abf7e9dc4699014	ConcaveTrillion	2026-07-19T15:37:41Z	ready
completed-004	post_delete_verification	51	I_kwDOONYVBs8AAAABB4IuFg	https://github.com/pdomain/pdomain-book-tools/issues/51	ddcce13f3f64f8e5c425fa1c8f5e1de698d4d1b541b738b26242cf5205fd758d	This ledger; `pdomain_book_tools/geometry/bounding_box.py`; `tests/test_geometry_repr.py`; `tests/geometry/test_bounding_box.py`	6842ec6b11c06c9b987b384b4abf7e9dc4699014	ConcaveTrillion	2026-07-19T15:37:57Z	deleted_verified
completed-004	post_delete_verification	52	I_kwDOONYVBs8AAAABCUu_xw	https://github.com/pdomain/pdomain-book-tools/issues/52	c886d9b4f39387f9c0df368581d999b092ccc35bfc4f57c8d3bcc605d42e8490	This ledger; `docs/architecture/ocr-model-and-schema-boundaries.md`; `docs/architecture/page-serialization.md`; review metadata code and tests	6842ec6b11c06c9b987b384b4abf7e9dc4699014	ConcaveTrillion	2026-07-19T15:37:57Z	deleted_verified
completed-004	post_delete_verification	53	I_kwDOONYVBs8AAAABCUyUaA	https://github.com/pdomain/pdomain-book-tools/issues/53	c7f409ac8965db8ba397f948df60ed430f7072ea1b016db606d66c28b33cefb8	This ledger; immutable raw export; existing line and page APIs	6842ec6b11c06c9b987b384b4abf7e9dc4699014	ConcaveTrillion	2026-07-19T15:37:57Z	deleted_verified
completed-004	post_delete_verification	55	I_kwDOONYVBs8AAAABCgaSuQ	https://github.com/pdomain/pdomain-book-tools/issues/55	f23e483e6a0ed1481533710cab55b8c28aa6ca1182aebb7c061a3cb06534838f	This ledger; immutable raw export; meta-repository cross-cut tracking	6842ec6b11c06c9b987b384b4abf7e9dc4699014	ConcaveTrillion	2026-07-19T15:37:57Z	deleted_verified
completed-004	post_delete_verification	56	I_kwDOONYVBs8AAAABCgaS3A	https://github.com/pdomain/pdomain-book-tools/issues/56	08cd1949b1a73f3d75fad31c09a0eac07791a14aeec0ab732eb0797fb1c0e507	This ledger; immutable raw export; meta-repository cross-cut tracking	6842ec6b11c06c9b987b384b4abf7e9dc4699014	ConcaveTrillion	2026-07-19T15:37:57Z	deleted_verified
completed-004	post_delete_verification	57	I_kwDOONYVBs8AAAABCgaS_Q	https://github.com/pdomain/pdomain-book-tools/issues/57	e7e0ab33db019cbe59984ff2a9ee3ea175e147a79b37bb2351e0be139f3235af	This ledger; immutable raw export; meta-repository cross-cut tracking	6842ec6b11c06c9b987b384b4abf7e9dc4699014	ConcaveTrillion	2026-07-19T15:37:57Z	deleted_verified
completed-004	post_delete_verification	58	I_kwDOONYVBs8AAAABCgak9g	https://github.com/pdomain/pdomain-book-tools/issues/58	8ff6df861e3ff25a7a09366b895f1e4f066d4231b80d608a10bc7aeb4d01d84e	This ledger; immutable raw export; meta-repository cross-cut tracking	6842ec6b11c06c9b987b384b4abf7e9dc4699014	ConcaveTrillion	2026-07-19T15:37:57Z	deleted_verified
completed-004	post_delete_verification	59	I_kwDOONYVBs8AAAABCgalFA	https://github.com/pdomain/pdomain-book-tools/issues/59	ab85ed796c243d0acef8658e584b8d38a873777a9f2b8c405288283ace95fe5b	This ledger; immutable raw export; meta-repository cross-cut tracking	6842ec6b11c06c9b987b384b4abf7e9dc4699014	ConcaveTrillion	2026-07-19T15:37:57Z	deleted_verified
completed-004	post_delete_verification	60	I_kwDOONYVBs8AAAABCgalMA	https://github.com/pdomain/pdomain-book-tools/issues/60	49bfbbdb1fc05ac4a0adaaba520ecbb00303543ce8f8dcb38f9209479626dae0	This ledger; immutable raw export; meta-repository cross-cut tracking	6842ec6b11c06c9b987b384b4abf7e9dc4699014	ConcaveTrillion	2026-07-19T15:37:57Z	deleted_verified
completed-004	post_delete_verification	61	I_kwDOONYVBs8AAAABCgalSg	https://github.com/pdomain/pdomain-book-tools/issues/61	bc2618bba4ee61b1c55564bc9baefb20fb2ca31cf3f190367b3d42aa392ffac1	This ledger; immutable raw export; commits `167995f`, `66ea04f`, and `cc783c5`; meta-repository cross-cut tracking	6842ec6b11c06c9b987b384b4abf7e9dc4699014	ConcaveTrillion	2026-07-19T15:37:57Z	deleted_verified
completed-005	pre_delete	62	I_kwDOONYVBs8AAAABCgaltw	https://github.com/pdomain/pdomain-book-tools/issues/62	a47b902bbf474c4f9d134855eea7d68ee7a72c6bdaaa6cd137423b3536e56e0c	This ledger; immutable raw export; meta-repository cross-cut tracking	6842ec6b11c06c9b987b384b4abf7e9dc4699014	ConcaveTrillion	2026-07-19T15:38:05Z	ready
completed-005	pre_delete	63	I_kwDOONYVBs8AAAABCgamEA	https://github.com/pdomain/pdomain-book-tools/issues/63	399d0b21f89f195086b727459093a95e76570605bf83cd0afbce8df7c4dbff6c	This ledger; immutable raw export; meta-repository cross-cut tracking	6842ec6b11c06c9b987b384b4abf7e9dc4699014	ConcaveTrillion	2026-07-19T15:38:05Z	ready
completed-005	pre_delete	64	I_kwDOONYVBs8AAAABCgamLA	https://github.com/pdomain/pdomain-book-tools/issues/64	d451aa8ad88fc8808ec3e43996956fa9e4d6d03ffe70b9a7dc0ad62430bfe0cc	This ledger; immutable raw export; meta-repository cross-cut tracking	6842ec6b11c06c9b987b384b4abf7e9dc4699014	ConcaveTrillion	2026-07-19T15:38:05Z	ready
completed-005	pre_delete	66	I_kwDOONYVBs8AAAABCgamgw	https://github.com/pdomain/pdomain-book-tools/issues/66	b264dcb22465d437ae61f3f0160d836aa8b13c4414d78a2b7891101225930785	This ledger; immutable raw export; meta-repository cross-cut tracking	6842ec6b11c06c9b987b384b4abf7e9dc4699014	ConcaveTrillion	2026-07-19T15:38:05Z	ready
completed-005	pre_delete	67	I_kwDOONYVBs8AAAABCgam7Q	https://github.com/pdomain/pdomain-book-tools/issues/67	76f5339307ccfa717bd324a3d5d1073b1d008e613e9a354594584fe0a5cc0283	This ledger; immutable raw export; meta-repository cross-cut tracking	6842ec6b11c06c9b987b384b4abf7e9dc4699014	ConcaveTrillion	2026-07-19T15:38:05Z	ready
completed-005	pre_delete	68	I_kwDOONYVBs8AAAABCganAg	https://github.com/pdomain/pdomain-book-tools/issues/68	e3cc70843fce586157ac66f82e5bf7b450c191b7b97ab21fb1ecffd2fd9764c3	This ledger; immutable raw export; meta-repository cross-cut tracking	6842ec6b11c06c9b987b384b4abf7e9dc4699014	ConcaveTrillion	2026-07-19T15:38:05Z	ready
completed-005	pre_delete	69	I_kwDOONYVBs8AAAABCganHw	https://github.com/pdomain/pdomain-book-tools/issues/69	fcbfb77f96229503747a7f7513e9697150081dec20201ab01cea3f1432485abd	This ledger; immutable raw export; meta-repository cross-cut tracking	6842ec6b11c06c9b987b384b4abf7e9dc4699014	ConcaveTrillion	2026-07-19T15:38:05Z	ready
completed-005	pre_delete	70	I_kwDOONYVBs8AAAABCganYQ	https://github.com/pdomain/pdomain-book-tools/issues/70	e1669656401cee38d52686939e0ed6dcf8560dbb359d714e81bf2e94fa6c91c1	This ledger; immutable raw export; meta-repository cross-cut tracking	6842ec6b11c06c9b987b384b4abf7e9dc4699014	ConcaveTrillion	2026-07-19T15:38:05Z	ready
completed-005	pre_delete	71	I_kwDOONYVBs8AAAABCgandw	https://github.com/pdomain/pdomain-book-tools/issues/71	36f2fe97c2540c5f37a5ea76f7f0575373853c69a6aca91b5a885f990a5d9487	This ledger; immutable raw export; meta-repository cross-cut tracking	6842ec6b11c06c9b987b384b4abf7e9dc4699014	ConcaveTrillion	2026-07-19T15:38:05Z	ready
completed-005	pre_delete	72	I_kwDOONYVBs8AAAABCganlQ	https://github.com/pdomain/pdomain-book-tools/issues/72	2e2399aaf03a39d21ca305b76629b4f0b0f1aad04cf23022099e40a2f0083508	This ledger; immutable raw export; meta-repository cross-cut tracking	6842ec6b11c06c9b987b384b4abf7e9dc4699014	ConcaveTrillion	2026-07-19T15:38:05Z	ready
completed-005	post_delete_verification	62	I_kwDOONYVBs8AAAABCgaltw	https://github.com/pdomain/pdomain-book-tools/issues/62	a47b902bbf474c4f9d134855eea7d68ee7a72c6bdaaa6cd137423b3536e56e0c	This ledger; immutable raw export; meta-repository cross-cut tracking	6842ec6b11c06c9b987b384b4abf7e9dc4699014	ConcaveTrillion	2026-07-19T15:38:21Z	deleted_verified
completed-005	post_delete_verification	63	I_kwDOONYVBs8AAAABCgamEA	https://github.com/pdomain/pdomain-book-tools/issues/63	399d0b21f89f195086b727459093a95e76570605bf83cd0afbce8df7c4dbff6c	This ledger; immutable raw export; meta-repository cross-cut tracking	6842ec6b11c06c9b987b384b4abf7e9dc4699014	ConcaveTrillion	2026-07-19T15:38:21Z	deleted_verified
completed-005	post_delete_verification	64	I_kwDOONYVBs8AAAABCgamLA	https://github.com/pdomain/pdomain-book-tools/issues/64	d451aa8ad88fc8808ec3e43996956fa9e4d6d03ffe70b9a7dc0ad62430bfe0cc	This ledger; immutable raw export; meta-repository cross-cut tracking	6842ec6b11c06c9b987b384b4abf7e9dc4699014	ConcaveTrillion	2026-07-19T15:38:21Z	deleted_verified
completed-005	post_delete_verification	66	I_kwDOONYVBs8AAAABCgamgw	https://github.com/pdomain/pdomain-book-tools/issues/66	b264dcb22465d437ae61f3f0160d836aa8b13c4414d78a2b7891101225930785	This ledger; immutable raw export; meta-repository cross-cut tracking	6842ec6b11c06c9b987b384b4abf7e9dc4699014	ConcaveTrillion	2026-07-19T15:38:21Z	deleted_verified
completed-005	post_delete_verification	67	I_kwDOONYVBs8AAAABCgam7Q	https://github.com/pdomain/pdomain-book-tools/issues/67	76f5339307ccfa717bd324a3d5d1073b1d008e613e9a354594584fe0a5cc0283	This ledger; immutable raw export; meta-repository cross-cut tracking	6842ec6b11c06c9b987b384b4abf7e9dc4699014	ConcaveTrillion	2026-07-19T15:38:21Z	deleted_verified
completed-005	post_delete_verification	68	I_kwDOONYVBs8AAAABCganAg	https://github.com/pdomain/pdomain-book-tools/issues/68	e3cc70843fce586157ac66f82e5bf7b450c191b7b97ab21fb1ecffd2fd9764c3	This ledger; immutable raw export; meta-repository cross-cut tracking	6842ec6b11c06c9b987b384b4abf7e9dc4699014	ConcaveTrillion	2026-07-19T15:38:21Z	deleted_verified
completed-005	post_delete_verification	69	I_kwDOONYVBs8AAAABCganHw	https://github.com/pdomain/pdomain-book-tools/issues/69	fcbfb77f96229503747a7f7513e9697150081dec20201ab01cea3f1432485abd	This ledger; immutable raw export; meta-repository cross-cut tracking	6842ec6b11c06c9b987b384b4abf7e9dc4699014	ConcaveTrillion	2026-07-19T15:38:21Z	deleted_verified
completed-005	post_delete_verification	70	I_kwDOONYVBs8AAAABCganYQ	https://github.com/pdomain/pdomain-book-tools/issues/70	e1669656401cee38d52686939e0ed6dcf8560dbb359d714e81bf2e94fa6c91c1	This ledger; immutable raw export; meta-repository cross-cut tracking	6842ec6b11c06c9b987b384b4abf7e9dc4699014	ConcaveTrillion	2026-07-19T15:38:21Z	deleted_verified
completed-005	post_delete_verification	71	I_kwDOONYVBs8AAAABCgandw	https://github.com/pdomain/pdomain-book-tools/issues/71	36f2fe97c2540c5f37a5ea76f7f0575373853c69a6aca91b5a885f990a5d9487	This ledger; immutable raw export; meta-repository cross-cut tracking	6842ec6b11c06c9b987b384b4abf7e9dc4699014	ConcaveTrillion	2026-07-19T15:38:21Z	deleted_verified
completed-005	post_delete_verification	72	I_kwDOONYVBs8AAAABCganlQ	https://github.com/pdomain/pdomain-book-tools/issues/72	2e2399aaf03a39d21ca305b76629b4f0b0f1aad04cf23022099e40a2f0083508	This ledger; immutable raw export; meta-repository cross-cut tracking	6842ec6b11c06c9b987b384b4abf7e9dc4699014	ConcaveTrillion	2026-07-19T15:38:21Z	deleted_verified
completed-006	pre_delete	73	I_kwDOONYVBs8AAAABCgansA	https://github.com/pdomain/pdomain-book-tools/issues/73	c4e4fcb59cd1a7ec42af525d0d214916f55c5a2051c2fa87e6bbcef3f073716a	This ledger; immutable raw export; meta-repository cross-cut tracking	6842ec6b11c06c9b987b384b4abf7e9dc4699014	ConcaveTrillion	2026-07-19T15:38:29Z	ready
completed-006	pre_delete	74	I_kwDOONYVBs8AAAABCganvw	https://github.com/pdomain/pdomain-book-tools/issues/74	98786c5969aadf70c34c1a5dc406bb5a3e6ad857315eeef04f3191b268fe8ff0	This ledger; immutable raw export; meta-repository cross-cut tracking	6842ec6b11c06c9b987b384b4abf7e9dc4699014	ConcaveTrillion	2026-07-19T15:38:29Z	ready
completed-006	pre_delete	75	I_kwDOONYVBs8AAAABCgbXaQ	https://github.com/pdomain/pdomain-book-tools/issues/75	f68ba6d89febf4f08ba6e68e07c3c922d0f7229f20ac64dc37680cad6e4146d5	This ledger; [repository quality gates](../process/repository-quality-gates.md); `docs/architecture/type-checking.md`	6842ec6b11c06c9b987b384b4abf7e9dc4699014	ConcaveTrillion	2026-07-19T15:38:29Z	ready
completed-006	pre_delete	76	I_kwDOONYVBs8AAAABCgbXiQ	https://github.com/pdomain/pdomain-book-tools/issues/76	d4423a93abcf698225164542fd5cb755d17a057cad24423f483bc1589bca7cef	This ledger; `docs/architecture/ocr-model-and-schema-boundaries.md`; model hooks, schema CLI, and tests	6842ec6b11c06c9b987b384b4abf7e9dc4699014	ConcaveTrillion	2026-07-19T15:38:29Z	ready
completed-006	pre_delete	78	I_kwDOONYVBs8AAAABCgbZJQ	https://github.com/pdomain/pdomain-book-tools/issues/78	0fa9aa67947d649c97ebbea57491674022af0a14b3ec54fdc5a1cee2c304c9c6	This ledger; immutable raw export; [`ConcaveTrillion/ocr-container-meta#12`](https://github.com/ConcaveTrillion/ocr-container-meta/issues/12)	6842ec6b11c06c9b987b384b4abf7e9dc4699014	ConcaveTrillion	2026-07-19T15:38:29Z	ready
completed-006	pre_delete	79	I_kwDOONYVBs8AAAABCgb9Zw	https://github.com/pdomain/pdomain-book-tools/issues/79	a14c85034838fc509807ba925c143171bdf5e83e6d22bbb79d59025bf5449db5	This ledger; [repository quality gates](../process/repository-quality-gates.md); `docs/architecture/type-checking.md`; configuration and Makefile	6842ec6b11c06c9b987b384b4abf7e9dc4699014	ConcaveTrillion	2026-07-19T15:38:29Z	ready
completed-006	pre_delete	80	I_kwDOONYVBs8AAAABCgb9fg	https://github.com/pdomain/pdomain-book-tools/issues/80	5319e06323c29eff144ab81e1db098643c5a2a66c5ab9d5397a9e2b5e0575a60	This ledger; [repository quality gates](../process/repository-quality-gates.md); `.editorconfig`	6842ec6b11c06c9b987b384b4abf7e9dc4699014	ConcaveTrillion	2026-07-19T15:38:29Z	ready
completed-006	pre_delete	81	I_kwDOONYVBs8AAAABCgb9jw	https://github.com/pdomain/pdomain-book-tools/issues/81	cc20ed3a92dcc155e18a901599fa0d053a129245cdab94f76d7bf9999182b47d	This ledger; [repository quality gates](../process/repository-quality-gates.md); development dependencies	6842ec6b11c06c9b987b384b4abf7e9dc4699014	ConcaveTrillion	2026-07-19T15:38:29Z	ready
completed-006	pre_delete	82	I_kwDOONYVBs8AAAABCgb9ow	https://github.com/pdomain/pdomain-book-tools/issues/82	393485f39bce81cb61124ad2927dbe488b0d330cd7c9eca2c3baf4852369e8a9	This ledger; [repository quality gates](../process/repository-quality-gates.md); `.pre-commit-config.yaml`	6842ec6b11c06c9b987b384b4abf7e9dc4699014	ConcaveTrillion	2026-07-19T15:38:29Z	ready
completed-006	pre_delete	83	I_kwDOONYVBs8AAAABCgb9tQ	https://github.com/pdomain/pdomain-book-tools/issues/83	88b05397084a420e70526e9d4d084b324685a216a079a29f77d0d950a3d621c3	This ledger; [repository quality gates](../process/repository-quality-gates.md); `.gitlint`; pre-commit configuration	6842ec6b11c06c9b987b384b4abf7e9dc4699014	ConcaveTrillion	2026-07-19T15:38:29Z	ready
completed-006	post_delete_verification	73	I_kwDOONYVBs8AAAABCgansA	https://github.com/pdomain/pdomain-book-tools/issues/73	c4e4fcb59cd1a7ec42af525d0d214916f55c5a2051c2fa87e6bbcef3f073716a	This ledger; immutable raw export; meta-repository cross-cut tracking	6842ec6b11c06c9b987b384b4abf7e9dc4699014	ConcaveTrillion	2026-07-19T15:38:45Z	deleted_verified
completed-006	post_delete_verification	74	I_kwDOONYVBs8AAAABCganvw	https://github.com/pdomain/pdomain-book-tools/issues/74	98786c5969aadf70c34c1a5dc406bb5a3e6ad857315eeef04f3191b268fe8ff0	This ledger; immutable raw export; meta-repository cross-cut tracking	6842ec6b11c06c9b987b384b4abf7e9dc4699014	ConcaveTrillion	2026-07-19T15:38:45Z	deleted_verified
completed-006	post_delete_verification	75	I_kwDOONYVBs8AAAABCgbXaQ	https://github.com/pdomain/pdomain-book-tools/issues/75	f68ba6d89febf4f08ba6e68e07c3c922d0f7229f20ac64dc37680cad6e4146d5	This ledger; [repository quality gates](../process/repository-quality-gates.md); `docs/architecture/type-checking.md`	6842ec6b11c06c9b987b384b4abf7e9dc4699014	ConcaveTrillion	2026-07-19T15:38:45Z	deleted_verified
completed-006	post_delete_verification	76	I_kwDOONYVBs8AAAABCgbXiQ	https://github.com/pdomain/pdomain-book-tools/issues/76	d4423a93abcf698225164542fd5cb755d17a057cad24423f483bc1589bca7cef	This ledger; `docs/architecture/ocr-model-and-schema-boundaries.md`; model hooks, schema CLI, and tests	6842ec6b11c06c9b987b384b4abf7e9dc4699014	ConcaveTrillion	2026-07-19T15:38:45Z	deleted_verified
completed-006	post_delete_verification	78	I_kwDOONYVBs8AAAABCgbZJQ	https://github.com/pdomain/pdomain-book-tools/issues/78	0fa9aa67947d649c97ebbea57491674022af0a14b3ec54fdc5a1cee2c304c9c6	This ledger; immutable raw export; [`ConcaveTrillion/ocr-container-meta#12`](https://github.com/ConcaveTrillion/ocr-container-meta/issues/12)	6842ec6b11c06c9b987b384b4abf7e9dc4699014	ConcaveTrillion	2026-07-19T15:38:45Z	deleted_verified
completed-006	post_delete_verification	79	I_kwDOONYVBs8AAAABCgb9Zw	https://github.com/pdomain/pdomain-book-tools/issues/79	a14c85034838fc509807ba925c143171bdf5e83e6d22bbb79d59025bf5449db5	This ledger; [repository quality gates](../process/repository-quality-gates.md); `docs/architecture/type-checking.md`; configuration and Makefile	6842ec6b11c06c9b987b384b4abf7e9dc4699014	ConcaveTrillion	2026-07-19T15:38:45Z	deleted_verified
completed-006	post_delete_verification	80	I_kwDOONYVBs8AAAABCgb9fg	https://github.com/pdomain/pdomain-book-tools/issues/80	5319e06323c29eff144ab81e1db098643c5a2a66c5ab9d5397a9e2b5e0575a60	This ledger; [repository quality gates](../process/repository-quality-gates.md); `.editorconfig`	6842ec6b11c06c9b987b384b4abf7e9dc4699014	ConcaveTrillion	2026-07-19T15:38:45Z	deleted_verified
completed-006	post_delete_verification	81	I_kwDOONYVBs8AAAABCgb9jw	https://github.com/pdomain/pdomain-book-tools/issues/81	cc20ed3a92dcc155e18a901599fa0d053a129245cdab94f76d7bf9999182b47d	This ledger; [repository quality gates](../process/repository-quality-gates.md); development dependencies	6842ec6b11c06c9b987b384b4abf7e9dc4699014	ConcaveTrillion	2026-07-19T15:38:45Z	deleted_verified
completed-006	post_delete_verification	82	I_kwDOONYVBs8AAAABCgb9ow	https://github.com/pdomain/pdomain-book-tools/issues/82	393485f39bce81cb61124ad2927dbe488b0d330cd7c9eca2c3baf4852369e8a9	This ledger; [repository quality gates](../process/repository-quality-gates.md); `.pre-commit-config.yaml`	6842ec6b11c06c9b987b384b4abf7e9dc4699014	ConcaveTrillion	2026-07-19T15:38:45Z	deleted_verified
completed-006	post_delete_verification	83	I_kwDOONYVBs8AAAABCgb9tQ	https://github.com/pdomain/pdomain-book-tools/issues/83	88b05397084a420e70526e9d4d084b324685a216a079a29f77d0d950a3d621c3	This ledger; [repository quality gates](../process/repository-quality-gates.md); `.gitlint`; pre-commit configuration	6842ec6b11c06c9b987b384b4abf7e9dc4699014	ConcaveTrillion	2026-07-19T15:38:45Z	deleted_verified
completed-007	pre_delete	84	I_kwDOONYVBs8AAAABCgb90A	https://github.com/pdomain/pdomain-book-tools/issues/84	b6c9cd90dafecd00d47175e1fcff6c02ce55c68c231f1ad7a994e2fb93f9cd7a	This ledger; [repository quality gates](../process/repository-quality-gates.md); Ruff configuration	6842ec6b11c06c9b987b384b4abf7e9dc4699014	ConcaveTrillion	2026-07-19T15:38:53Z	ready
completed-007	pre_delete	85	I_kwDOONYVBs8AAAABCgb97g	https://github.com/pdomain/pdomain-book-tools/issues/85	a0ba77b7210b50d8bec7751cf4f053ba0f81aab4c5c5bde88fc113928bcf3d2d	This ledger; [repository quality gates](../process/repository-quality-gates.md); pytest configuration	6842ec6b11c06c9b987b384b4abf7e9dc4699014	ConcaveTrillion	2026-07-19T15:38:53Z	ready
completed-007	pre_delete	86	I_kwDOONYVBs8AAAABCgb-Aw	https://github.com/pdomain/pdomain-book-tools/issues/86	7ec219034dde610274342ef3d42342583c7a43d1857c79820619132a9e425069	This ledger; `docs/architecture/type-checking.md`; [repository quality gates](../process/repository-quality-gates.md)	6842ec6b11c06c9b987b384b4abf7e9dc4699014	ConcaveTrillion	2026-07-19T15:38:53Z	ready
completed-007	pre_delete	87	I_kwDOONYVBs8AAAABCgb-QQ	https://github.com/pdomain/pdomain-book-tools/issues/87	c7e47a18a8db146c751b0a9f581c9816ad21673b9d11076afa7ea8ea50d807c6	This ledger; `docs/architecture/ocr-model-and-schema-boundaries.md`; Point hook, shared helpers, and tests	6842ec6b11c06c9b987b384b4abf7e9dc4699014	ConcaveTrillion	2026-07-19T15:38:53Z	ready
completed-007	pre_delete	88	I_kwDOONYVBs8AAAABCgb-XA	https://github.com/pdomain/pdomain-book-tools/issues/88	e56112bf8ba4e3e295797438273c07fae115eb70eb571c7b03887020aeeea910	This ledger; `docs/architecture/ocr-model-and-schema-boundaries.md`; BoundingBox hook and tests	6842ec6b11c06c9b987b384b4abf7e9dc4699014	ConcaveTrillion	2026-07-19T15:38:53Z	ready
completed-007	pre_delete	89	I_kwDOONYVBs8AAAABCgb-dw	https://github.com/pdomain/pdomain-book-tools/issues/89	89e46c9f1e2aeca587eb5b34e5b71c46414c895f1498b0b89077da4ecc5b555f	This ledger; `docs/architecture/ocr-model-and-schema-boundaries.md`; Character hook and tests	6842ec6b11c06c9b987b384b4abf7e9dc4699014	ConcaveTrillion	2026-07-19T15:38:53Z	ready
completed-007	pre_delete	90	I_kwDOONYVBs8AAAABCgb-iw	https://github.com/pdomain/pdomain-book-tools/issues/90	c76338dd5886ae852926c17c004f68a5204c593cd1aa5de1d35313bc8d02586b	This ledger; `docs/architecture/ocr-model-and-schema-boundaries.md`; Word hook and tests	6842ec6b11c06c9b987b384b4abf7e9dc4699014	ConcaveTrillion	2026-07-19T15:38:53Z	ready
completed-007	pre_delete	91	I_kwDOONYVBs8AAAABCgb-oQ	https://github.com/pdomain/pdomain-book-tools/issues/91	897d31f4807beebdb99dad7f1ce3606ec577d88620ec01b3209fd2caec5bb488	This ledger; `docs/architecture/ocr-model-and-schema-boundaries.md`; Block hook and tests	6842ec6b11c06c9b987b384b4abf7e9dc4699014	ConcaveTrillion	2026-07-19T15:38:53Z	ready
completed-007	pre_delete	92	I_kwDOONYVBs8AAAABCgb-uQ	https://github.com/pdomain/pdomain-book-tools/issues/92	57cff67b7ce11e8626b8f02a8d9fd9bcc0a960f1fd218ec6c1e9f515f611a0aa	This ledger; `docs/architecture/ocr-model-and-schema-boundaries.md`; Page hook and tests	6842ec6b11c06c9b987b384b4abf7e9dc4699014	ConcaveTrillion	2026-07-19T15:38:53Z	ready
completed-007	pre_delete	93	I_kwDOONYVBs8AAAABCgb-zA	https://github.com/pdomain/pdomain-book-tools/issues/93	2f6609bacd092dc347559ffcc49df9d7504b292cb3c3c2d81f7dd9bcd90ff11e	This ledger; `docs/architecture/ocr-model-and-schema-boundaries.md`; schema emitter and tests	6842ec6b11c06c9b987b384b4abf7e9dc4699014	ConcaveTrillion	2026-07-19T15:38:53Z	ready
completed-007	post_delete_verification	84	I_kwDOONYVBs8AAAABCgb90A	https://github.com/pdomain/pdomain-book-tools/issues/84	b6c9cd90dafecd00d47175e1fcff6c02ce55c68c231f1ad7a994e2fb93f9cd7a	This ledger; [repository quality gates](../process/repository-quality-gates.md); Ruff configuration	6842ec6b11c06c9b987b384b4abf7e9dc4699014	ConcaveTrillion	2026-07-19T15:39:08Z	deleted_verified
completed-007	post_delete_verification	85	I_kwDOONYVBs8AAAABCgb97g	https://github.com/pdomain/pdomain-book-tools/issues/85	a0ba77b7210b50d8bec7751cf4f053ba0f81aab4c5c5bde88fc113928bcf3d2d	This ledger; [repository quality gates](../process/repository-quality-gates.md); pytest configuration	6842ec6b11c06c9b987b384b4abf7e9dc4699014	ConcaveTrillion	2026-07-19T15:39:08Z	deleted_verified
completed-007	post_delete_verification	86	I_kwDOONYVBs8AAAABCgb-Aw	https://github.com/pdomain/pdomain-book-tools/issues/86	7ec219034dde610274342ef3d42342583c7a43d1857c79820619132a9e425069	This ledger; `docs/architecture/type-checking.md`; [repository quality gates](../process/repository-quality-gates.md)	6842ec6b11c06c9b987b384b4abf7e9dc4699014	ConcaveTrillion	2026-07-19T15:39:08Z	deleted_verified
completed-007	post_delete_verification	87	I_kwDOONYVBs8AAAABCgb-QQ	https://github.com/pdomain/pdomain-book-tools/issues/87	c7e47a18a8db146c751b0a9f581c9816ad21673b9d11076afa7ea8ea50d807c6	This ledger; `docs/architecture/ocr-model-and-schema-boundaries.md`; Point hook, shared helpers, and tests	6842ec6b11c06c9b987b384b4abf7e9dc4699014	ConcaveTrillion	2026-07-19T15:39:08Z	deleted_verified
completed-007	post_delete_verification	88	I_kwDOONYVBs8AAAABCgb-XA	https://github.com/pdomain/pdomain-book-tools/issues/88	e56112bf8ba4e3e295797438273c07fae115eb70eb571c7b03887020aeeea910	This ledger; `docs/architecture/ocr-model-and-schema-boundaries.md`; BoundingBox hook and tests	6842ec6b11c06c9b987b384b4abf7e9dc4699014	ConcaveTrillion	2026-07-19T15:39:08Z	deleted_verified
completed-007	post_delete_verification	89	I_kwDOONYVBs8AAAABCgb-dw	https://github.com/pdomain/pdomain-book-tools/issues/89	89e46c9f1e2aeca587eb5b34e5b71c46414c895f1498b0b89077da4ecc5b555f	This ledger; `docs/architecture/ocr-model-and-schema-boundaries.md`; Character hook and tests	6842ec6b11c06c9b987b384b4abf7e9dc4699014	ConcaveTrillion	2026-07-19T15:39:08Z	deleted_verified
completed-007	post_delete_verification	90	I_kwDOONYVBs8AAAABCgb-iw	https://github.com/pdomain/pdomain-book-tools/issues/90	c76338dd5886ae852926c17c004f68a5204c593cd1aa5de1d35313bc8d02586b	This ledger; `docs/architecture/ocr-model-and-schema-boundaries.md`; Word hook and tests	6842ec6b11c06c9b987b384b4abf7e9dc4699014	ConcaveTrillion	2026-07-19T15:39:08Z	deleted_verified
completed-007	post_delete_verification	91	I_kwDOONYVBs8AAAABCgb-oQ	https://github.com/pdomain/pdomain-book-tools/issues/91	897d31f4807beebdb99dad7f1ce3606ec577d88620ec01b3209fd2caec5bb488	This ledger; `docs/architecture/ocr-model-and-schema-boundaries.md`; Block hook and tests	6842ec6b11c06c9b987b384b4abf7e9dc4699014	ConcaveTrillion	2026-07-19T15:39:08Z	deleted_verified
completed-007	post_delete_verification	92	I_kwDOONYVBs8AAAABCgb-uQ	https://github.com/pdomain/pdomain-book-tools/issues/92	57cff67b7ce11e8626b8f02a8d9fd9bcc0a960f1fd218ec6c1e9f515f611a0aa	This ledger; `docs/architecture/ocr-model-and-schema-boundaries.md`; Page hook and tests	6842ec6b11c06c9b987b384b4abf7e9dc4699014	ConcaveTrillion	2026-07-19T15:39:08Z	deleted_verified
completed-007	post_delete_verification	93	I_kwDOONYVBs8AAAABCgb-zA	https://github.com/pdomain/pdomain-book-tools/issues/93	2f6609bacd092dc347559ffcc49df9d7504b292cb3c3c2d81f7dd9bcd90ff11e	This ledger; `docs/architecture/ocr-model-and-schema-boundaries.md`; schema emitter and tests	6842ec6b11c06c9b987b384b4abf7e9dc4699014	ConcaveTrillion	2026-07-19T15:39:08Z	deleted_verified
completed-008	pre_delete	99	I_kwDOONYVBs8AAAABCgcTrg	https://github.com/pdomain/pdomain-book-tools/issues/99	e8718ae16046cbda4f5e156b0cf5f6e9387ec6413323b215449e0896b7feaa82	This ledger; immutable raw export; parent #78; [`ConcaveTrillion/ocr-container-meta#12`](https://github.com/ConcaveTrillion/ocr-container-meta/issues/12)	6842ec6b11c06c9b987b384b4abf7e9dc4699014	ConcaveTrillion	2026-07-19T15:39:16Z	ready
completed-008	pre_delete	100	I_kwDOONYVBs8AAAABCgcTzw	https://github.com/pdomain/pdomain-book-tools/issues/100	41d8efb7748d74b94052262ddb7255a1d2ea37a04b962cc980c1a661268aded9	This ledger; immutable raw export; parent #78; [`ConcaveTrillion/ocr-container-meta#12`](https://github.com/ConcaveTrillion/ocr-container-meta/issues/12)	6842ec6b11c06c9b987b384b4abf7e9dc4699014	ConcaveTrillion	2026-07-19T15:39:16Z	ready
completed-008	pre_delete	101	I_kwDOONYVBs8AAAABCgcT9Q	https://github.com/pdomain/pdomain-book-tools/issues/101	dff0c86cd6c1f5609f7a0819e9f89e0dcd42c04498c30198998cc6ac44fcc75a	This ledger; immutable raw export; parent #78; [`ConcaveTrillion/ocr-container-meta#12`](https://github.com/ConcaveTrillion/ocr-container-meta/issues/12)	6842ec6b11c06c9b987b384b4abf7e9dc4699014	ConcaveTrillion	2026-07-19T15:39:16Z	ready
completed-008	pre_delete	102	I_kwDOONYVBs8AAAABCgcUDw	https://github.com/pdomain/pdomain-book-tools/issues/102	1f1305e1d6eee51c27b485b54e5711410eb0044a032dbcc59d477e5b70c72da2	This ledger; immutable raw export; parent #78; [`ConcaveTrillion/ocr-container-meta#12`](https://github.com/ConcaveTrillion/ocr-container-meta/issues/12)	6842ec6b11c06c9b987b384b4abf7e9dc4699014	ConcaveTrillion	2026-07-19T15:39:16Z	ready
completed-008	pre_delete	103	I_kwDOONYVBs8AAAABCgcUJA	https://github.com/pdomain/pdomain-book-tools/issues/103	f62160576568e14e642a95ca7bae3ef4dfa48620eb0e16319a328330ab94caf3	This ledger; immutable raw export; parent #78; [`ConcaveTrillion/ocr-container-meta#12`](https://github.com/ConcaveTrillion/ocr-container-meta/issues/12)	6842ec6b11c06c9b987b384b4abf7e9dc4699014	ConcaveTrillion	2026-07-19T15:39:16Z	ready
completed-008	pre_delete	104	I_kwDOONYVBs8AAAABCgcUPQ	https://github.com/pdomain/pdomain-book-tools/issues/104	b3ac2cdb358b1dcfd114f276f62ab524eb1063a4882c90b8c21d36834db81bcc	This ledger; immutable raw export; parent #78; [`ConcaveTrillion/ocr-container-meta#12`](https://github.com/ConcaveTrillion/ocr-container-meta/issues/12)	6842ec6b11c06c9b987b384b4abf7e9dc4699014	ConcaveTrillion	2026-07-19T15:39:16Z	ready
completed-008	pre_delete	105	I_kwDOONYVBs8AAAABCgcUUw	https://github.com/pdomain/pdomain-book-tools/issues/105	db1d03402eced2e9b7b1901912b7b127788a41ec285f78358cb7552bc2a1b1f0	This ledger; immutable raw export; parent #78; [`ConcaveTrillion/ocr-container-meta#12`](https://github.com/ConcaveTrillion/ocr-container-meta/issues/12)	6842ec6b11c06c9b987b384b4abf7e9dc4699014	ConcaveTrillion	2026-07-19T15:39:16Z	ready
completed-008	pre_delete	106	I_kwDOONYVBs8AAAABCgcUZw	https://github.com/pdomain/pdomain-book-tools/issues/106	087bd3de9ae169ab9132f67864e8b30fb6cbd24f5c380f9ea34f99ebb86e88a2	This ledger; immutable raw export; parent #78; [`ConcaveTrillion/ocr-container-meta#12`](https://github.com/ConcaveTrillion/ocr-container-meta/issues/12)	6842ec6b11c06c9b987b384b4abf7e9dc4699014	ConcaveTrillion	2026-07-19T15:39:16Z	ready
completed-008	pre_delete	107	I_kwDOONYVBs8AAAABCgcUgA	https://github.com/pdomain/pdomain-book-tools/issues/107	0f620e4b4d8452d7c44a8b8d1bbefc158f2b7c5cf98725ed63906eccc1efe344	This ledger; immutable raw export; parent #78; [`ConcaveTrillion/ocr-container-meta#12`](https://github.com/ConcaveTrillion/ocr-container-meta/issues/12)	6842ec6b11c06c9b987b384b4abf7e9dc4699014	ConcaveTrillion	2026-07-19T15:39:16Z	ready
completed-008	pre_delete	108	I_kwDOONYVBs8AAAABCgcUkg	https://github.com/pdomain/pdomain-book-tools/issues/108	a22d3a4924edab6ce327f9bcee561cce26a93be495d6f2862688766ecf3cf5b1	This ledger; immutable raw export; parent #78; [`ConcaveTrillion/ocr-container-meta#12`](https://github.com/ConcaveTrillion/ocr-container-meta/issues/12)	6842ec6b11c06c9b987b384b4abf7e9dc4699014	ConcaveTrillion	2026-07-19T15:39:16Z	ready
completed-008	post_delete_verification	99	I_kwDOONYVBs8AAAABCgcTrg	https://github.com/pdomain/pdomain-book-tools/issues/99	e8718ae16046cbda4f5e156b0cf5f6e9387ec6413323b215449e0896b7feaa82	This ledger; immutable raw export; parent #78; [`ConcaveTrillion/ocr-container-meta#12`](https://github.com/ConcaveTrillion/ocr-container-meta/issues/12)	6842ec6b11c06c9b987b384b4abf7e9dc4699014	ConcaveTrillion	2026-07-19T15:39:32Z	deleted_verified
completed-008	post_delete_verification	100	I_kwDOONYVBs8AAAABCgcTzw	https://github.com/pdomain/pdomain-book-tools/issues/100	41d8efb7748d74b94052262ddb7255a1d2ea37a04b962cc980c1a661268aded9	This ledger; immutable raw export; parent #78; [`ConcaveTrillion/ocr-container-meta#12`](https://github.com/ConcaveTrillion/ocr-container-meta/issues/12)	6842ec6b11c06c9b987b384b4abf7e9dc4699014	ConcaveTrillion	2026-07-19T15:39:32Z	deleted_verified
completed-008	post_delete_verification	101	I_kwDOONYVBs8AAAABCgcT9Q	https://github.com/pdomain/pdomain-book-tools/issues/101	dff0c86cd6c1f5609f7a0819e9f89e0dcd42c04498c30198998cc6ac44fcc75a	This ledger; immutable raw export; parent #78; [`ConcaveTrillion/ocr-container-meta#12`](https://github.com/ConcaveTrillion/ocr-container-meta/issues/12)	6842ec6b11c06c9b987b384b4abf7e9dc4699014	ConcaveTrillion	2026-07-19T15:39:32Z	deleted_verified
completed-008	post_delete_verification	102	I_kwDOONYVBs8AAAABCgcUDw	https://github.com/pdomain/pdomain-book-tools/issues/102	1f1305e1d6eee51c27b485b54e5711410eb0044a032dbcc59d477e5b70c72da2	This ledger; immutable raw export; parent #78; [`ConcaveTrillion/ocr-container-meta#12`](https://github.com/ConcaveTrillion/ocr-container-meta/issues/12)	6842ec6b11c06c9b987b384b4abf7e9dc4699014	ConcaveTrillion	2026-07-19T15:39:32Z	deleted_verified
completed-008	post_delete_verification	103	I_kwDOONYVBs8AAAABCgcUJA	https://github.com/pdomain/pdomain-book-tools/issues/103	f62160576568e14e642a95ca7bae3ef4dfa48620eb0e16319a328330ab94caf3	This ledger; immutable raw export; parent #78; [`ConcaveTrillion/ocr-container-meta#12`](https://github.com/ConcaveTrillion/ocr-container-meta/issues/12)	6842ec6b11c06c9b987b384b4abf7e9dc4699014	ConcaveTrillion	2026-07-19T15:39:32Z	deleted_verified
completed-008	post_delete_verification	104	I_kwDOONYVBs8AAAABCgcUPQ	https://github.com/pdomain/pdomain-book-tools/issues/104	b3ac2cdb358b1dcfd114f276f62ab524eb1063a4882c90b8c21d36834db81bcc	This ledger; immutable raw export; parent #78; [`ConcaveTrillion/ocr-container-meta#12`](https://github.com/ConcaveTrillion/ocr-container-meta/issues/12)	6842ec6b11c06c9b987b384b4abf7e9dc4699014	ConcaveTrillion	2026-07-19T15:39:32Z	deleted_verified
completed-008	post_delete_verification	105	I_kwDOONYVBs8AAAABCgcUUw	https://github.com/pdomain/pdomain-book-tools/issues/105	db1d03402eced2e9b7b1901912b7b127788a41ec285f78358cb7552bc2a1b1f0	This ledger; immutable raw export; parent #78; [`ConcaveTrillion/ocr-container-meta#12`](https://github.com/ConcaveTrillion/ocr-container-meta/issues/12)	6842ec6b11c06c9b987b384b4abf7e9dc4699014	ConcaveTrillion	2026-07-19T15:39:32Z	deleted_verified
completed-008	post_delete_verification	106	I_kwDOONYVBs8AAAABCgcUZw	https://github.com/pdomain/pdomain-book-tools/issues/106	087bd3de9ae169ab9132f67864e8b30fb6cbd24f5c380f9ea34f99ebb86e88a2	This ledger; immutable raw export; parent #78; [`ConcaveTrillion/ocr-container-meta#12`](https://github.com/ConcaveTrillion/ocr-container-meta/issues/12)	6842ec6b11c06c9b987b384b4abf7e9dc4699014	ConcaveTrillion	2026-07-19T15:39:32Z	deleted_verified
completed-008	post_delete_verification	107	I_kwDOONYVBs8AAAABCgcUgA	https://github.com/pdomain/pdomain-book-tools/issues/107	0f620e4b4d8452d7c44a8b8d1bbefc158f2b7c5cf98725ed63906eccc1efe344	This ledger; immutable raw export; parent #78; [`ConcaveTrillion/ocr-container-meta#12`](https://github.com/ConcaveTrillion/ocr-container-meta/issues/12)	6842ec6b11c06c9b987b384b4abf7e9dc4699014	ConcaveTrillion	2026-07-19T15:39:32Z	deleted_verified
completed-008	post_delete_verification	108	I_kwDOONYVBs8AAAABCgcUkg	https://github.com/pdomain/pdomain-book-tools/issues/108	a22d3a4924edab6ce327f9bcee561cce26a93be495d6f2862688766ecf3cf5b1	This ledger; immutable raw export; parent #78; [`ConcaveTrillion/ocr-container-meta#12`](https://github.com/ConcaveTrillion/ocr-container-meta/issues/12)	6842ec6b11c06c9b987b384b4abf7e9dc4699014	ConcaveTrillion	2026-07-19T15:39:32Z	deleted_verified
completed-009	pre_delete	109	I_kwDOONYVBs8AAAABCgcUrA	https://github.com/pdomain/pdomain-book-tools/issues/109	cf72bef9461ccd2f614e7d2b9fabead3a960dd75e5c3ec9f3e4ba5ffe837a706	This ledger; immutable raw export; parent #78; [`ConcaveTrillion/ocr-container-meta#12`](https://github.com/ConcaveTrillion/ocr-container-meta/issues/12)	6842ec6b11c06c9b987b384b4abf7e9dc4699014	ConcaveTrillion	2026-07-19T15:39:40Z	ready
completed-009	pre_delete	110	I_kwDOONYVBs8AAAABCgcUzQ	https://github.com/pdomain/pdomain-book-tools/issues/110	3365df35af916e52245de7dd640e29bb23f9ec10280a274d6fc0bf50c8d1dbe0	This ledger; immutable raw export; parent #78; [`ConcaveTrillion/ocr-container-meta#12`](https://github.com/ConcaveTrillion/ocr-container-meta/issues/12)	6842ec6b11c06c9b987b384b4abf7e9dc4699014	ConcaveTrillion	2026-07-19T15:39:40Z	ready
completed-009	pre_delete	111	I_kwDOONYVBs8AAAABCgcU6g	https://github.com/pdomain/pdomain-book-tools/issues/111	f748bad9706fd515713b1b8d75fdfe14cea7b36823eae2b1f54fae9db11b9dc8	This ledger; immutable raw export; parent #78; [`ConcaveTrillion/ocr-container-meta#12`](https://github.com/ConcaveTrillion/ocr-container-meta/issues/12)	6842ec6b11c06c9b987b384b4abf7e9dc4699014	ConcaveTrillion	2026-07-19T15:39:40Z	ready
completed-009	pre_delete	112	I_kwDOONYVBs8AAAABCgcVBw	https://github.com/pdomain/pdomain-book-tools/issues/112	71510fa66cde92031696930db894ff6f8ff7561da60dd86fc3a17301bf290845	This ledger; immutable raw export; parent #78; [`ConcaveTrillion/ocr-container-meta#12`](https://github.com/ConcaveTrillion/ocr-container-meta/issues/12)	6842ec6b11c06c9b987b384b4abf7e9dc4699014	ConcaveTrillion	2026-07-19T15:39:40Z	ready
completed-009	pre_delete	113	I_kwDOONYVBs8AAAABCgcVIQ	https://github.com/pdomain/pdomain-book-tools/issues/113	6c2c002a705992689d11216d34b9833eba3eb7702609c1fbe4b952eb6174aad8	This ledger; immutable raw export; parent #78; [`ConcaveTrillion/ocr-container-meta#12`](https://github.com/ConcaveTrillion/ocr-container-meta/issues/12)	6842ec6b11c06c9b987b384b4abf7e9dc4699014	ConcaveTrillion	2026-07-19T15:39:40Z	ready
completed-009	pre_delete	114	I_kwDOONYVBs8AAAABCgcVOw	https://github.com/pdomain/pdomain-book-tools/issues/114	d3fa5c36eca2e5404c6bf6088da422b6065b7110aa93d0514f6f14b591a5e270	This ledger; immutable raw export; parent #78; [`ConcaveTrillion/ocr-container-meta#12`](https://github.com/ConcaveTrillion/ocr-container-meta/issues/12)	6842ec6b11c06c9b987b384b4abf7e9dc4699014	ConcaveTrillion	2026-07-19T15:39:40Z	ready
completed-009	pre_delete	115	I_kwDOONYVBs8AAAABCgcVUQ	https://github.com/pdomain/pdomain-book-tools/issues/115	6d90c192479956e4910d554d120f3a7e3ecc87562cf8d8a100bfa22a5774f0e2	This ledger; immutable raw export; parent #78; [`ConcaveTrillion/ocr-container-meta#12`](https://github.com/ConcaveTrillion/ocr-container-meta/issues/12)	6842ec6b11c06c9b987b384b4abf7e9dc4699014	ConcaveTrillion	2026-07-19T15:39:40Z	ready
completed-009	pre_delete	116	I_kwDOONYVBs8AAAABCgcVag	https://github.com/pdomain/pdomain-book-tools/issues/116	8670157e068204a516f64b57adb43837c842065b685410b4b3c37997ffebfcfb	This ledger; immutable raw export; parent #78; [`ConcaveTrillion/ocr-container-meta#12`](https://github.com/ConcaveTrillion/ocr-container-meta/issues/12)	6842ec6b11c06c9b987b384b4abf7e9dc4699014	ConcaveTrillion	2026-07-19T15:39:40Z	ready
completed-009	pre_delete	117	I_kwDOONYVBs8AAAABCgcViw	https://github.com/pdomain/pdomain-book-tools/issues/117	b34f769a7b61d501c0224636748e63653dcbd4b8680c21d6c46c6fde4346f6a2	This ledger; immutable raw export; parent #78; [`ConcaveTrillion/ocr-container-meta#12`](https://github.com/ConcaveTrillion/ocr-container-meta/issues/12)	6842ec6b11c06c9b987b384b4abf7e9dc4699014	ConcaveTrillion	2026-07-19T15:39:40Z	ready
completed-009	pre_delete	118	I_kwDOONYVBs8AAAABCgcVoA	https://github.com/pdomain/pdomain-book-tools/issues/118	0d565141d998dfa06e72b0f8c5368fda1b5f2741811c550b1a767b76403fad29	This ledger; immutable raw export; parent #78; [`ConcaveTrillion/ocr-container-meta#12`](https://github.com/ConcaveTrillion/ocr-container-meta/issues/12)	6842ec6b11c06c9b987b384b4abf7e9dc4699014	ConcaveTrillion	2026-07-19T15:39:40Z	ready
completed-009	post_delete_verification	109	I_kwDOONYVBs8AAAABCgcUrA	https://github.com/pdomain/pdomain-book-tools/issues/109	cf72bef9461ccd2f614e7d2b9fabead3a960dd75e5c3ec9f3e4ba5ffe837a706	This ledger; immutable raw export; parent #78; [`ConcaveTrillion/ocr-container-meta#12`](https://github.com/ConcaveTrillion/ocr-container-meta/issues/12)	6842ec6b11c06c9b987b384b4abf7e9dc4699014	ConcaveTrillion	2026-07-19T15:39:56Z	deleted_verified
completed-009	post_delete_verification	110	I_kwDOONYVBs8AAAABCgcUzQ	https://github.com/pdomain/pdomain-book-tools/issues/110	3365df35af916e52245de7dd640e29bb23f9ec10280a274d6fc0bf50c8d1dbe0	This ledger; immutable raw export; parent #78; [`ConcaveTrillion/ocr-container-meta#12`](https://github.com/ConcaveTrillion/ocr-container-meta/issues/12)	6842ec6b11c06c9b987b384b4abf7e9dc4699014	ConcaveTrillion	2026-07-19T15:39:56Z	deleted_verified
completed-009	post_delete_verification	111	I_kwDOONYVBs8AAAABCgcU6g	https://github.com/pdomain/pdomain-book-tools/issues/111	f748bad9706fd515713b1b8d75fdfe14cea7b36823eae2b1f54fae9db11b9dc8	This ledger; immutable raw export; parent #78; [`ConcaveTrillion/ocr-container-meta#12`](https://github.com/ConcaveTrillion/ocr-container-meta/issues/12)	6842ec6b11c06c9b987b384b4abf7e9dc4699014	ConcaveTrillion	2026-07-19T15:39:56Z	deleted_verified
completed-009	post_delete_verification	112	I_kwDOONYVBs8AAAABCgcVBw	https://github.com/pdomain/pdomain-book-tools/issues/112	71510fa66cde92031696930db894ff6f8ff7561da60dd86fc3a17301bf290845	This ledger; immutable raw export; parent #78; [`ConcaveTrillion/ocr-container-meta#12`](https://github.com/ConcaveTrillion/ocr-container-meta/issues/12)	6842ec6b11c06c9b987b384b4abf7e9dc4699014	ConcaveTrillion	2026-07-19T15:39:56Z	deleted_verified
completed-009	post_delete_verification	113	I_kwDOONYVBs8AAAABCgcVIQ	https://github.com/pdomain/pdomain-book-tools/issues/113	6c2c002a705992689d11216d34b9833eba3eb7702609c1fbe4b952eb6174aad8	This ledger; immutable raw export; parent #78; [`ConcaveTrillion/ocr-container-meta#12`](https://github.com/ConcaveTrillion/ocr-container-meta/issues/12)	6842ec6b11c06c9b987b384b4abf7e9dc4699014	ConcaveTrillion	2026-07-19T15:39:56Z	deleted_verified
completed-009	post_delete_verification	114	I_kwDOONYVBs8AAAABCgcVOw	https://github.com/pdomain/pdomain-book-tools/issues/114	d3fa5c36eca2e5404c6bf6088da422b6065b7110aa93d0514f6f14b591a5e270	This ledger; immutable raw export; parent #78; [`ConcaveTrillion/ocr-container-meta#12`](https://github.com/ConcaveTrillion/ocr-container-meta/issues/12)	6842ec6b11c06c9b987b384b4abf7e9dc4699014	ConcaveTrillion	2026-07-19T15:39:56Z	deleted_verified
completed-009	post_delete_verification	115	I_kwDOONYVBs8AAAABCgcVUQ	https://github.com/pdomain/pdomain-book-tools/issues/115	6d90c192479956e4910d554d120f3a7e3ecc87562cf8d8a100bfa22a5774f0e2	This ledger; immutable raw export; parent #78; [`ConcaveTrillion/ocr-container-meta#12`](https://github.com/ConcaveTrillion/ocr-container-meta/issues/12)	6842ec6b11c06c9b987b384b4abf7e9dc4699014	ConcaveTrillion	2026-07-19T15:39:56Z	deleted_verified
completed-009	post_delete_verification	116	I_kwDOONYVBs8AAAABCgcVag	https://github.com/pdomain/pdomain-book-tools/issues/116	8670157e068204a516f64b57adb43837c842065b685410b4b3c37997ffebfcfb	This ledger; immutable raw export; parent #78; [`ConcaveTrillion/ocr-container-meta#12`](https://github.com/ConcaveTrillion/ocr-container-meta/issues/12)	6842ec6b11c06c9b987b384b4abf7e9dc4699014	ConcaveTrillion	2026-07-19T15:39:56Z	deleted_verified
completed-009	post_delete_verification	117	I_kwDOONYVBs8AAAABCgcViw	https://github.com/pdomain/pdomain-book-tools/issues/117	b34f769a7b61d501c0224636748e63653dcbd4b8680c21d6c46c6fde4346f6a2	This ledger; immutable raw export; parent #78; [`ConcaveTrillion/ocr-container-meta#12`](https://github.com/ConcaveTrillion/ocr-container-meta/issues/12)	6842ec6b11c06c9b987b384b4abf7e9dc4699014	ConcaveTrillion	2026-07-19T15:39:56Z	deleted_verified
completed-009	post_delete_verification	118	I_kwDOONYVBs8AAAABCgcVoA	https://github.com/pdomain/pdomain-book-tools/issues/118	0d565141d998dfa06e72b0f8c5368fda1b5f2741811c550b1a767b76403fad29	This ledger; immutable raw export; parent #78; [`ConcaveTrillion/ocr-container-meta#12`](https://github.com/ConcaveTrillion/ocr-container-meta/issues/12)	6842ec6b11c06c9b987b384b4abf7e9dc4699014	ConcaveTrillion	2026-07-19T15:39:56Z	deleted_verified
completed-010	pre_delete	119	I_kwDOONYVBs8AAAABCgcVug	https://github.com/pdomain/pdomain-book-tools/issues/119	b61fbf9726477000f6a6960027608465ea353e1645677d28529fb12d81afa666	This ledger; immutable raw export; parent #78; [`ConcaveTrillion/ocr-container-meta#12`](https://github.com/ConcaveTrillion/ocr-container-meta/issues/12)	6842ec6b11c06c9b987b384b4abf7e9dc4699014	ConcaveTrillion	2026-07-19T15:40:04Z	ready
completed-010	pre_delete	120	I_kwDOONYVBs8AAAABCgcV1g	https://github.com/pdomain/pdomain-book-tools/issues/120	164b1bda932bf4d056e014c2594473ee02babc93941beb86f968058bd154b9f0	This ledger; immutable raw export; parent #78; `docs/architecture/ocr-model-and-schema-boundaries.md`; [`ConcaveTrillion/ocr-container-meta#12`](https://github.com/ConcaveTrillion/ocr-container-meta/issues/12)	6842ec6b11c06c9b987b384b4abf7e9dc4699014	ConcaveTrillion	2026-07-19T15:40:04Z	ready
completed-010	pre_delete	121	I_kwDOONYVBs8AAAABCgcV8A	https://github.com/pdomain/pdomain-book-tools/issues/121	ac80e19d55eec734e9efe6cb89e0cd01766872a59d2e329011fafeffee7af7a0	This ledger; immutable raw export; parent #78; [`ConcaveTrillion/ocr-container-meta#12`](https://github.com/ConcaveTrillion/ocr-container-meta/issues/12)	6842ec6b11c06c9b987b384b4abf7e9dc4699014	ConcaveTrillion	2026-07-19T15:40:04Z	ready
completed-010	pre_delete	122	I_kwDOONYVBs8AAAABCgcWDA	https://github.com/pdomain/pdomain-book-tools/issues/122	7825c4d7490d896bbb6ba7137efe0fe91c692e0df42d2cefddfd512cd5e50e0a	This ledger; immutable raw export; parent #78; [`ConcaveTrillion/ocr-container-meta#12`](https://github.com/ConcaveTrillion/ocr-container-meta/issues/12)	6842ec6b11c06c9b987b384b4abf7e9dc4699014	ConcaveTrillion	2026-07-19T15:40:04Z	ready
completed-010	pre_delete	123	I_kwDOONYVBs8AAAABCgcWKA	https://github.com/pdomain/pdomain-book-tools/issues/123	58d07e578b908ec3010fc270b4b8abdaad89c72f02482bd5dcfbd49af91a9b0b	This ledger; immutable raw export; parent #78; [`ConcaveTrillion/ocr-container-meta#12`](https://github.com/ConcaveTrillion/ocr-container-meta/issues/12)	6842ec6b11c06c9b987b384b4abf7e9dc4699014	ConcaveTrillion	2026-07-19T15:40:04Z	ready
completed-010	pre_delete	124	I_kwDOONYVBs8AAAABCgcWQw	https://github.com/pdomain/pdomain-book-tools/issues/124	50e11a24f3b10ebfa7eee2d0ab25e20ac6f0298089cb1c82c0f924514e232b0d	This ledger; immutable raw export; parent #78; [`ConcaveTrillion/ocr-container-meta#12`](https://github.com/ConcaveTrillion/ocr-container-meta/issues/12)	6842ec6b11c06c9b987b384b4abf7e9dc4699014	ConcaveTrillion	2026-07-19T15:40:04Z	ready
completed-010	pre_delete	125	I_kwDOONYVBs8AAAABCgcWYg	https://github.com/pdomain/pdomain-book-tools/issues/125	4d00a69fcbfe5609d30670ba8ee91bbc4f4dad19c0caed9a2a443722f4d8e22e	This ledger; immutable raw export; parent #78; [`ConcaveTrillion/ocr-container-meta#12`](https://github.com/ConcaveTrillion/ocr-container-meta/issues/12)	6842ec6b11c06c9b987b384b4abf7e9dc4699014	ConcaveTrillion	2026-07-19T15:40:04Z	ready
completed-010	pre_delete	126	I_kwDOONYVBs8AAAABCgcWhA	https://github.com/pdomain/pdomain-book-tools/issues/126	dc288c7370e12200916f8f62170c9b7af1bd544211b2bd60ceac2c326fd46093	This ledger; immutable raw export; parent #78; [`ConcaveTrillion/ocr-container-meta#12`](https://github.com/ConcaveTrillion/ocr-container-meta/issues/12)	6842ec6b11c06c9b987b384b4abf7e9dc4699014	ConcaveTrillion	2026-07-19T15:40:04Z	ready
completed-010	pre_delete	127	I_kwDOONYVBs8AAAABCgcWnw	https://github.com/pdomain/pdomain-book-tools/issues/127	3c0918a77128e1dc62c2032d8b5ea1a1baffe65d53adc057f96fb73144158824	This ledger; immutable raw export; parent #78; [`ConcaveTrillion/ocr-container-meta#12`](https://github.com/ConcaveTrillion/ocr-container-meta/issues/12)	6842ec6b11c06c9b987b384b4abf7e9dc4699014	ConcaveTrillion	2026-07-19T15:40:04Z	ready
completed-010	pre_delete	128	I_kwDOONYVBs8AAAABCgcWrw	https://github.com/pdomain/pdomain-book-tools/issues/128	f940769ce12125aa2b5b0672ceaff27b8c534f68069752bf9bc03ab48d0a313b	This ledger; immutable raw export; parent #78; [`ConcaveTrillion/ocr-container-meta#12`](https://github.com/ConcaveTrillion/ocr-container-meta/issues/12)	6842ec6b11c06c9b987b384b4abf7e9dc4699014	ConcaveTrillion	2026-07-19T15:40:04Z	ready
completed-010	post_delete_verification	119	I_kwDOONYVBs8AAAABCgcVug	https://github.com/pdomain/pdomain-book-tools/issues/119	b61fbf9726477000f6a6960027608465ea353e1645677d28529fb12d81afa666	This ledger; immutable raw export; parent #78; [`ConcaveTrillion/ocr-container-meta#12`](https://github.com/ConcaveTrillion/ocr-container-meta/issues/12)	6842ec6b11c06c9b987b384b4abf7e9dc4699014	ConcaveTrillion	2026-07-19T15:40:20Z	deleted_verified
completed-010	post_delete_verification	120	I_kwDOONYVBs8AAAABCgcV1g	https://github.com/pdomain/pdomain-book-tools/issues/120	164b1bda932bf4d056e014c2594473ee02babc93941beb86f968058bd154b9f0	This ledger; immutable raw export; parent #78; `docs/architecture/ocr-model-and-schema-boundaries.md`; [`ConcaveTrillion/ocr-container-meta#12`](https://github.com/ConcaveTrillion/ocr-container-meta/issues/12)	6842ec6b11c06c9b987b384b4abf7e9dc4699014	ConcaveTrillion	2026-07-19T15:40:20Z	deleted_verified
completed-010	post_delete_verification	121	I_kwDOONYVBs8AAAABCgcV8A	https://github.com/pdomain/pdomain-book-tools/issues/121	ac80e19d55eec734e9efe6cb89e0cd01766872a59d2e329011fafeffee7af7a0	This ledger; immutable raw export; parent #78; [`ConcaveTrillion/ocr-container-meta#12`](https://github.com/ConcaveTrillion/ocr-container-meta/issues/12)	6842ec6b11c06c9b987b384b4abf7e9dc4699014	ConcaveTrillion	2026-07-19T15:40:20Z	deleted_verified
completed-010	post_delete_verification	122	I_kwDOONYVBs8AAAABCgcWDA	https://github.com/pdomain/pdomain-book-tools/issues/122	7825c4d7490d896bbb6ba7137efe0fe91c692e0df42d2cefddfd512cd5e50e0a	This ledger; immutable raw export; parent #78; [`ConcaveTrillion/ocr-container-meta#12`](https://github.com/ConcaveTrillion/ocr-container-meta/issues/12)	6842ec6b11c06c9b987b384b4abf7e9dc4699014	ConcaveTrillion	2026-07-19T15:40:20Z	deleted_verified
completed-010	post_delete_verification	123	I_kwDOONYVBs8AAAABCgcWKA	https://github.com/pdomain/pdomain-book-tools/issues/123	58d07e578b908ec3010fc270b4b8abdaad89c72f02482bd5dcfbd49af91a9b0b	This ledger; immutable raw export; parent #78; [`ConcaveTrillion/ocr-container-meta#12`](https://github.com/ConcaveTrillion/ocr-container-meta/issues/12)	6842ec6b11c06c9b987b384b4abf7e9dc4699014	ConcaveTrillion	2026-07-19T15:40:20Z	deleted_verified
completed-010	post_delete_verification	124	I_kwDOONYVBs8AAAABCgcWQw	https://github.com/pdomain/pdomain-book-tools/issues/124	50e11a24f3b10ebfa7eee2d0ab25e20ac6f0298089cb1c82c0f924514e232b0d	This ledger; immutable raw export; parent #78; [`ConcaveTrillion/ocr-container-meta#12`](https://github.com/ConcaveTrillion/ocr-container-meta/issues/12)	6842ec6b11c06c9b987b384b4abf7e9dc4699014	ConcaveTrillion	2026-07-19T15:40:20Z	deleted_verified
completed-010	post_delete_verification	125	I_kwDOONYVBs8AAAABCgcWYg	https://github.com/pdomain/pdomain-book-tools/issues/125	4d00a69fcbfe5609d30670ba8ee91bbc4f4dad19c0caed9a2a443722f4d8e22e	This ledger; immutable raw export; parent #78; [`ConcaveTrillion/ocr-container-meta#12`](https://github.com/ConcaveTrillion/ocr-container-meta/issues/12)	6842ec6b11c06c9b987b384b4abf7e9dc4699014	ConcaveTrillion	2026-07-19T15:40:20Z	deleted_verified
completed-010	post_delete_verification	126	I_kwDOONYVBs8AAAABCgcWhA	https://github.com/pdomain/pdomain-book-tools/issues/126	dc288c7370e12200916f8f62170c9b7af1bd544211b2bd60ceac2c326fd46093	This ledger; immutable raw export; parent #78; [`ConcaveTrillion/ocr-container-meta#12`](https://github.com/ConcaveTrillion/ocr-container-meta/issues/12)	6842ec6b11c06c9b987b384b4abf7e9dc4699014	ConcaveTrillion	2026-07-19T15:40:20Z	deleted_verified
completed-010	post_delete_verification	127	I_kwDOONYVBs8AAAABCgcWnw	https://github.com/pdomain/pdomain-book-tools/issues/127	3c0918a77128e1dc62c2032d8b5ea1a1baffe65d53adc057f96fb73144158824	This ledger; immutable raw export; parent #78; [`ConcaveTrillion/ocr-container-meta#12`](https://github.com/ConcaveTrillion/ocr-container-meta/issues/12)	6842ec6b11c06c9b987b384b4abf7e9dc4699014	ConcaveTrillion	2026-07-19T15:40:20Z	deleted_verified
completed-010	post_delete_verification	128	I_kwDOONYVBs8AAAABCgcWrw	https://github.com/pdomain/pdomain-book-tools/issues/128	f940769ce12125aa2b5b0672ceaff27b8c534f68069752bf9bc03ab48d0a313b	This ledger; immutable raw export; parent #78; [`ConcaveTrillion/ocr-container-meta#12`](https://github.com/ConcaveTrillion/ocr-container-meta/issues/12)	6842ec6b11c06c9b987b384b4abf7e9dc4699014	ConcaveTrillion	2026-07-19T15:40:20Z	deleted_verified
completed-011	pre_delete	129	I_kwDOONYVBs8AAAABCgcWzg	https://github.com/pdomain/pdomain-book-tools/issues/129	8de191ba21a287de045b65ada10514acbb50b2cdf788c894f59cd2f21064f4f9	This ledger; immutable raw export; parent #78; [`ConcaveTrillion/ocr-container-meta#12`](https://github.com/ConcaveTrillion/ocr-container-meta/issues/12)	6842ec6b11c06c9b987b384b4abf7e9dc4699014	ConcaveTrillion	2026-07-19T15:40:29Z	ready
completed-011	pre_delete	130	I_kwDOONYVBs8AAAABCgcW8A	https://github.com/pdomain/pdomain-book-tools/issues/130	99d5efe91c4f54c1ac0f17e59db6cd461df415e47239d753a377899e28ff180c	This ledger; immutable raw export; parent #78; [`ConcaveTrillion/ocr-container-meta#12`](https://github.com/ConcaveTrillion/ocr-container-meta/issues/12)	6842ec6b11c06c9b987b384b4abf7e9dc4699014	ConcaveTrillion	2026-07-19T15:40:29Z	ready
completed-011	pre_delete	131	I_kwDOONYVBs8AAAABCgcXFA	https://github.com/pdomain/pdomain-book-tools/issues/131	7ad06c7b9a943623ba127f785e37d06a07413ce3de915bc3fa06d08bab390295	This ledger; immutable raw export; parent #78; [`ConcaveTrillion/ocr-container-meta#12`](https://github.com/ConcaveTrillion/ocr-container-meta/issues/12)	6842ec6b11c06c9b987b384b4abf7e9dc4699014	ConcaveTrillion	2026-07-19T15:40:29Z	ready
completed-011	pre_delete	132	I_kwDOONYVBs8AAAABCgcXKw	https://github.com/pdomain/pdomain-book-tools/issues/132	ab064ed19af53a9e1aa14297e69b959bb77cbbd199f9c9e85a438f8d50181a48	This ledger; immutable raw export; parent #78; [`ConcaveTrillion/ocr-container-meta#12`](https://github.com/ConcaveTrillion/ocr-container-meta/issues/12)	6842ec6b11c06c9b987b384b4abf7e9dc4699014	ConcaveTrillion	2026-07-19T15:40:29Z	ready
completed-011	pre_delete	133	I_kwDOONYVBs8AAAABCgcXUQ	https://github.com/pdomain/pdomain-book-tools/issues/133	226b2c6978f652414879c6b39cb79de8189d3d3fe2c905a633fb4e224b658564	This ledger; immutable raw export; parent #78; [`ConcaveTrillion/ocr-container-meta#12`](https://github.com/ConcaveTrillion/ocr-container-meta/issues/12)	6842ec6b11c06c9b987b384b4abf7e9dc4699014	ConcaveTrillion	2026-07-19T15:40:29Z	ready
completed-011	pre_delete	134	I_kwDOONYVBs8AAAABCgcXbA	https://github.com/pdomain/pdomain-book-tools/issues/134	fda5f278988fb90f39d019441cd2c729d25b06e55fd350d1c9a355176d216b72	This ledger; immutable raw export; parent #78; [`ConcaveTrillion/ocr-container-meta#12`](https://github.com/ConcaveTrillion/ocr-container-meta/issues/12)	6842ec6b11c06c9b987b384b4abf7e9dc4699014	ConcaveTrillion	2026-07-19T15:40:29Z	ready
completed-011	pre_delete	135	I_kwDOONYVBs8AAAABCgcXgw	https://github.com/pdomain/pdomain-book-tools/issues/135	9fbe736f4877e2ecfb21d781be8d5baa9124b862623710f46c2d265586d5ecbf	This ledger; immutable raw export; parent #78; [`ConcaveTrillion/ocr-container-meta#12`](https://github.com/ConcaveTrillion/ocr-container-meta/issues/12)	6842ec6b11c06c9b987b384b4abf7e9dc4699014	ConcaveTrillion	2026-07-19T15:40:29Z	ready
completed-011	pre_delete	136	I_kwDOONYVBs8AAAABCgcXng	https://github.com/pdomain/pdomain-book-tools/issues/136	38d605c9165f767d2a4ad8d70b26ca6e747c00c14cba194b06112e23172edfac	This ledger; immutable raw export; parent #78; [`ConcaveTrillion/ocr-container-meta#12`](https://github.com/ConcaveTrillion/ocr-container-meta/issues/12)	6842ec6b11c06c9b987b384b4abf7e9dc4699014	ConcaveTrillion	2026-07-19T15:40:29Z	ready
completed-011	pre_delete	137	I_kwDOONYVBs8AAAABCgcXsA	https://github.com/pdomain/pdomain-book-tools/issues/137	c903e31eb7a923f1dc2a5c40877523c22cd960878a2fc89a204330602457e9fc	This ledger; immutable raw export; parent #78; [`ConcaveTrillion/ocr-container-meta#12`](https://github.com/ConcaveTrillion/ocr-container-meta/issues/12)	6842ec6b11c06c9b987b384b4abf7e9dc4699014	ConcaveTrillion	2026-07-19T15:40:29Z	ready
completed-011	pre_delete	138	I_kwDOONYVBs8AAAABCgcXyA	https://github.com/pdomain/pdomain-book-tools/issues/138	b2d16fe5ed225966afdd59e27b65ec87f126a0fe1af3f3ae1dcf710f1ca029b5	This ledger; immutable raw export; parent #78; [`ConcaveTrillion/ocr-container-meta#12`](https://github.com/ConcaveTrillion/ocr-container-meta/issues/12)	6842ec6b11c06c9b987b384b4abf7e9dc4699014	ConcaveTrillion	2026-07-19T15:40:29Z	ready
completed-011	post_delete_verification	129	I_kwDOONYVBs8AAAABCgcWzg	https://github.com/pdomain/pdomain-book-tools/issues/129	8de191ba21a287de045b65ada10514acbb50b2cdf788c894f59cd2f21064f4f9	This ledger; immutable raw export; parent #78; [`ConcaveTrillion/ocr-container-meta#12`](https://github.com/ConcaveTrillion/ocr-container-meta/issues/12)	6842ec6b11c06c9b987b384b4abf7e9dc4699014	ConcaveTrillion	2026-07-19T15:40:42Z	deleted_verified
completed-011	post_delete_verification	130	I_kwDOONYVBs8AAAABCgcW8A	https://github.com/pdomain/pdomain-book-tools/issues/130	99d5efe91c4f54c1ac0f17e59db6cd461df415e47239d753a377899e28ff180c	This ledger; immutable raw export; parent #78; [`ConcaveTrillion/ocr-container-meta#12`](https://github.com/ConcaveTrillion/ocr-container-meta/issues/12)	6842ec6b11c06c9b987b384b4abf7e9dc4699014	ConcaveTrillion	2026-07-19T15:40:42Z	deleted_verified
completed-011	post_delete_verification	131	I_kwDOONYVBs8AAAABCgcXFA	https://github.com/pdomain/pdomain-book-tools/issues/131	7ad06c7b9a943623ba127f785e37d06a07413ce3de915bc3fa06d08bab390295	This ledger; immutable raw export; parent #78; [`ConcaveTrillion/ocr-container-meta#12`](https://github.com/ConcaveTrillion/ocr-container-meta/issues/12)	6842ec6b11c06c9b987b384b4abf7e9dc4699014	ConcaveTrillion	2026-07-19T15:40:42Z	deleted_verified
completed-011	post_delete_verification	132	I_kwDOONYVBs8AAAABCgcXKw	https://github.com/pdomain/pdomain-book-tools/issues/132	ab064ed19af53a9e1aa14297e69b959bb77cbbd199f9c9e85a438f8d50181a48	This ledger; immutable raw export; parent #78; [`ConcaveTrillion/ocr-container-meta#12`](https://github.com/ConcaveTrillion/ocr-container-meta/issues/12)	6842ec6b11c06c9b987b384b4abf7e9dc4699014	ConcaveTrillion	2026-07-19T15:40:42Z	deleted_verified
completed-011	post_delete_verification	133	I_kwDOONYVBs8AAAABCgcXUQ	https://github.com/pdomain/pdomain-book-tools/issues/133	226b2c6978f652414879c6b39cb79de8189d3d3fe2c905a633fb4e224b658564	This ledger; immutable raw export; parent #78; [`ConcaveTrillion/ocr-container-meta#12`](https://github.com/ConcaveTrillion/ocr-container-meta/issues/12)	6842ec6b11c06c9b987b384b4abf7e9dc4699014	ConcaveTrillion	2026-07-19T15:40:42Z	deleted_verified
completed-011	post_delete_verification	134	I_kwDOONYVBs8AAAABCgcXbA	https://github.com/pdomain/pdomain-book-tools/issues/134	fda5f278988fb90f39d019441cd2c729d25b06e55fd350d1c9a355176d216b72	This ledger; immutable raw export; parent #78; [`ConcaveTrillion/ocr-container-meta#12`](https://github.com/ConcaveTrillion/ocr-container-meta/issues/12)	6842ec6b11c06c9b987b384b4abf7e9dc4699014	ConcaveTrillion	2026-07-19T15:40:42Z	deleted_verified
completed-011	post_delete_verification	135	I_kwDOONYVBs8AAAABCgcXgw	https://github.com/pdomain/pdomain-book-tools/issues/135	9fbe736f4877e2ecfb21d781be8d5baa9124b862623710f46c2d265586d5ecbf	This ledger; immutable raw export; parent #78; [`ConcaveTrillion/ocr-container-meta#12`](https://github.com/ConcaveTrillion/ocr-container-meta/issues/12)	6842ec6b11c06c9b987b384b4abf7e9dc4699014	ConcaveTrillion	2026-07-19T15:40:42Z	deleted_verified
completed-011	post_delete_verification	136	I_kwDOONYVBs8AAAABCgcXng	https://github.com/pdomain/pdomain-book-tools/issues/136	38d605c9165f767d2a4ad8d70b26ca6e747c00c14cba194b06112e23172edfac	This ledger; immutable raw export; parent #78; [`ConcaveTrillion/ocr-container-meta#12`](https://github.com/ConcaveTrillion/ocr-container-meta/issues/12)	6842ec6b11c06c9b987b384b4abf7e9dc4699014	ConcaveTrillion	2026-07-19T15:40:42Z	deleted_verified
completed-011	post_delete_verification	137	I_kwDOONYVBs8AAAABCgcXsA	https://github.com/pdomain/pdomain-book-tools/issues/137	c903e31eb7a923f1dc2a5c40877523c22cd960878a2fc89a204330602457e9fc	This ledger; immutable raw export; parent #78; [`ConcaveTrillion/ocr-container-meta#12`](https://github.com/ConcaveTrillion/ocr-container-meta/issues/12)	6842ec6b11c06c9b987b384b4abf7e9dc4699014	ConcaveTrillion	2026-07-19T15:40:42Z	deleted_verified
completed-011	post_delete_verification	138	I_kwDOONYVBs8AAAABCgcXyA	https://github.com/pdomain/pdomain-book-tools/issues/138	b2d16fe5ed225966afdd59e27b65ec87f126a0fe1af3f3ae1dcf710f1ca029b5	This ledger; immutable raw export; parent #78; [`ConcaveTrillion/ocr-container-meta#12`](https://github.com/ConcaveTrillion/ocr-container-meta/issues/12)	6842ec6b11c06c9b987b384b4abf7e9dc4699014	ConcaveTrillion	2026-07-19T15:40:42Z	deleted_verified
completed-012	pre_delete	139	I_kwDOONYVBs8AAAABCgcX4Q	https://github.com/pdomain/pdomain-book-tools/issues/139	227d66a77918734140dcf8059e02e249dda692bdba659c6cc4783a4f2480d114	This ledger; immutable raw export; parent #78; [`ConcaveTrillion/ocr-container-meta#12`](https://github.com/ConcaveTrillion/ocr-container-meta/issues/12)	6842ec6b11c06c9b987b384b4abf7e9dc4699014	ConcaveTrillion	2026-07-19T15:40:51Z	ready
completed-012	pre_delete	140	I_kwDOONYVBs8AAAABCgcX-g	https://github.com/pdomain/pdomain-book-tools/issues/140	8968dc907721b4e9e8a9ee09bf224b7b2a92fcfb7aa33e4e7e029e81682ab103	This ledger; immutable raw export; parent #78; [`ConcaveTrillion/ocr-container-meta#12`](https://github.com/ConcaveTrillion/ocr-container-meta/issues/12)	6842ec6b11c06c9b987b384b4abf7e9dc4699014	ConcaveTrillion	2026-07-19T15:40:51Z	ready
completed-012	pre_delete	141	I_kwDOONYVBs8AAAABCgcYEg	https://github.com/pdomain/pdomain-book-tools/issues/141	92239679a5724c89f93d79d4f98fb2c9bc66e715d4152b7cfda5030e72f95ee2	This ledger; immutable raw export; parent #78; [`ConcaveTrillion/ocr-container-meta#12`](https://github.com/ConcaveTrillion/ocr-container-meta/issues/12)	6842ec6b11c06c9b987b384b4abf7e9dc4699014	ConcaveTrillion	2026-07-19T15:40:51Z	ready
completed-012	pre_delete	142	I_kwDOONYVBs8AAAABCgcYKg	https://github.com/pdomain/pdomain-book-tools/issues/142	b148826bfea6aded046802b1f5d09943ac4b125b954b568738e7efb53f21301f	This ledger; immutable raw export; parent #78; [`ConcaveTrillion/ocr-container-meta#12`](https://github.com/ConcaveTrillion/ocr-container-meta/issues/12)	6842ec6b11c06c9b987b384b4abf7e9dc4699014	ConcaveTrillion	2026-07-19T15:40:51Z	ready
completed-012	pre_delete	143	I_kwDOONYVBs8AAAABCgcYSw	https://github.com/pdomain/pdomain-book-tools/issues/143	05f5fc48d50498ce1b9624db41fecf4acd28c3c2e6b89ef6614fc3d95cab01d2	This ledger; immutable raw export; parent #78; [`ConcaveTrillion/ocr-container-meta#12`](https://github.com/ConcaveTrillion/ocr-container-meta/issues/12)	6842ec6b11c06c9b987b384b4abf7e9dc4699014	ConcaveTrillion	2026-07-19T15:40:51Z	ready
completed-012	pre_delete	144	I_kwDOONYVBs8AAAABCgcYZg	https://github.com/pdomain/pdomain-book-tools/issues/144	eae5dda409d0a170bef8872b5ce7eb4d3f4a5317e3afe8fe542cbb9364891f19	This ledger; immutable raw export; parent #78; [`ConcaveTrillion/ocr-container-meta#12`](https://github.com/ConcaveTrillion/ocr-container-meta/issues/12)	6842ec6b11c06c9b987b384b4abf7e9dc4699014	ConcaveTrillion	2026-07-19T15:40:51Z	ready
completed-012	pre_delete	145	I_kwDOONYVBs8AAAABCgcYgw	https://github.com/pdomain/pdomain-book-tools/issues/145	49d4562af67d8c04dc787b69f77803fdfb40a7a16aecfd087a7a0fe92dbe9d0b	This ledger; immutable raw export; parent #78; [`ConcaveTrillion/ocr-container-meta#12`](https://github.com/ConcaveTrillion/ocr-container-meta/issues/12)	6842ec6b11c06c9b987b384b4abf7e9dc4699014	ConcaveTrillion	2026-07-19T15:40:51Z	ready
completed-012	pre_delete	146	I_kwDOONYVBs8AAAABCgdifQ	https://github.com/pdomain/pdomain-book-tools/issues/146	faafa434f7a477f48667b957d3ac81dd4428ebf12fd33fd6670b4e8e05d5afe3	This ledger; immutable raw export; parent #78; [`ConcaveTrillion/ocr-container-meta#12`](https://github.com/ConcaveTrillion/ocr-container-meta/issues/12)	6842ec6b11c06c9b987b384b4abf7e9dc4699014	ConcaveTrillion	2026-07-19T15:40:51Z	ready
completed-012	pre_delete	147	I_kwDOONYVBs8AAAABCgdiyw	https://github.com/pdomain/pdomain-book-tools/issues/147	f7f869b479b8db8a96187542eb5b1e431076be58850f629bbcb0e5abbd56f4ee	This ledger; immutable raw export; parent #78; [`ConcaveTrillion/ocr-container-meta#12`](https://github.com/ConcaveTrillion/ocr-container-meta/issues/12)	6842ec6b11c06c9b987b384b4abf7e9dc4699014	ConcaveTrillion	2026-07-19T15:40:51Z	ready
completed-012	pre_delete	148	I_kwDOONYVBs8AAAABCgdjDQ	https://github.com/pdomain/pdomain-book-tools/issues/148	d7e9074081ea71cf91f01b9f66f4c54515e5ab0dd91b0aff7e4498967ea252c8	This ledger; immutable raw export; parent #78; [`ConcaveTrillion/ocr-container-meta#12`](https://github.com/ConcaveTrillion/ocr-container-meta/issues/12)	6842ec6b11c06c9b987b384b4abf7e9dc4699014	ConcaveTrillion	2026-07-19T15:40:51Z	ready
completed-012	post_delete_verification	139	I_kwDOONYVBs8AAAABCgcX4Q	https://github.com/pdomain/pdomain-book-tools/issues/139	227d66a77918734140dcf8059e02e249dda692bdba659c6cc4783a4f2480d114	This ledger; immutable raw export; parent #78; [`ConcaveTrillion/ocr-container-meta#12`](https://github.com/ConcaveTrillion/ocr-container-meta/issues/12)	6842ec6b11c06c9b987b384b4abf7e9dc4699014	ConcaveTrillion	2026-07-19T15:41:04Z	deleted_verified
completed-012	post_delete_verification	140	I_kwDOONYVBs8AAAABCgcX-g	https://github.com/pdomain/pdomain-book-tools/issues/140	8968dc907721b4e9e8a9ee09bf224b7b2a92fcfb7aa33e4e7e029e81682ab103	This ledger; immutable raw export; parent #78; [`ConcaveTrillion/ocr-container-meta#12`](https://github.com/ConcaveTrillion/ocr-container-meta/issues/12)	6842ec6b11c06c9b987b384b4abf7e9dc4699014	ConcaveTrillion	2026-07-19T15:41:04Z	deleted_verified
completed-012	post_delete_verification	141	I_kwDOONYVBs8AAAABCgcYEg	https://github.com/pdomain/pdomain-book-tools/issues/141	92239679a5724c89f93d79d4f98fb2c9bc66e715d4152b7cfda5030e72f95ee2	This ledger; immutable raw export; parent #78; [`ConcaveTrillion/ocr-container-meta#12`](https://github.com/ConcaveTrillion/ocr-container-meta/issues/12)	6842ec6b11c06c9b987b384b4abf7e9dc4699014	ConcaveTrillion	2026-07-19T15:41:04Z	deleted_verified
completed-012	post_delete_verification	142	I_kwDOONYVBs8AAAABCgcYKg	https://github.com/pdomain/pdomain-book-tools/issues/142	b148826bfea6aded046802b1f5d09943ac4b125b954b568738e7efb53f21301f	This ledger; immutable raw export; parent #78; [`ConcaveTrillion/ocr-container-meta#12`](https://github.com/ConcaveTrillion/ocr-container-meta/issues/12)	6842ec6b11c06c9b987b384b4abf7e9dc4699014	ConcaveTrillion	2026-07-19T15:41:04Z	deleted_verified
completed-012	post_delete_verification	143	I_kwDOONYVBs8AAAABCgcYSw	https://github.com/pdomain/pdomain-book-tools/issues/143	05f5fc48d50498ce1b9624db41fecf4acd28c3c2e6b89ef6614fc3d95cab01d2	This ledger; immutable raw export; parent #78; [`ConcaveTrillion/ocr-container-meta#12`](https://github.com/ConcaveTrillion/ocr-container-meta/issues/12)	6842ec6b11c06c9b987b384b4abf7e9dc4699014	ConcaveTrillion	2026-07-19T15:41:04Z	deleted_verified
completed-012	post_delete_verification	144	I_kwDOONYVBs8AAAABCgcYZg	https://github.com/pdomain/pdomain-book-tools/issues/144	eae5dda409d0a170bef8872b5ce7eb4d3f4a5317e3afe8fe542cbb9364891f19	This ledger; immutable raw export; parent #78; [`ConcaveTrillion/ocr-container-meta#12`](https://github.com/ConcaveTrillion/ocr-container-meta/issues/12)	6842ec6b11c06c9b987b384b4abf7e9dc4699014	ConcaveTrillion	2026-07-19T15:41:04Z	deleted_verified
completed-012	post_delete_verification	145	I_kwDOONYVBs8AAAABCgcYgw	https://github.com/pdomain/pdomain-book-tools/issues/145	49d4562af67d8c04dc787b69f77803fdfb40a7a16aecfd087a7a0fe92dbe9d0b	This ledger; immutable raw export; parent #78; [`ConcaveTrillion/ocr-container-meta#12`](https://github.com/ConcaveTrillion/ocr-container-meta/issues/12)	6842ec6b11c06c9b987b384b4abf7e9dc4699014	ConcaveTrillion	2026-07-19T15:41:04Z	deleted_verified
completed-012	post_delete_verification	146	I_kwDOONYVBs8AAAABCgdifQ	https://github.com/pdomain/pdomain-book-tools/issues/146	faafa434f7a477f48667b957d3ac81dd4428ebf12fd33fd6670b4e8e05d5afe3	This ledger; immutable raw export; parent #78; [`ConcaveTrillion/ocr-container-meta#12`](https://github.com/ConcaveTrillion/ocr-container-meta/issues/12)	6842ec6b11c06c9b987b384b4abf7e9dc4699014	ConcaveTrillion	2026-07-19T15:41:04Z	deleted_verified
completed-012	post_delete_verification	147	I_kwDOONYVBs8AAAABCgdiyw	https://github.com/pdomain/pdomain-book-tools/issues/147	f7f869b479b8db8a96187542eb5b1e431076be58850f629bbcb0e5abbd56f4ee	This ledger; immutable raw export; parent #78; [`ConcaveTrillion/ocr-container-meta#12`](https://github.com/ConcaveTrillion/ocr-container-meta/issues/12)	6842ec6b11c06c9b987b384b4abf7e9dc4699014	ConcaveTrillion	2026-07-19T15:41:04Z	deleted_verified
completed-012	post_delete_verification	148	I_kwDOONYVBs8AAAABCgdjDQ	https://github.com/pdomain/pdomain-book-tools/issues/148	d7e9074081ea71cf91f01b9f66f4c54515e5ab0dd91b0aff7e4498967ea252c8	This ledger; immutable raw export; parent #78; [`ConcaveTrillion/ocr-container-meta#12`](https://github.com/ConcaveTrillion/ocr-container-meta/issues/12)	6842ec6b11c06c9b987b384b4abf7e9dc4699014	ConcaveTrillion	2026-07-19T15:41:04Z	deleted_verified
completed-013	pre_delete	149	I_kwDOONYVBs8AAAABCgdjWw	https://github.com/pdomain/pdomain-book-tools/issues/149	a9dbd7db983cbffc4d26e742bb7dce8ed320af84dddba39b07421baec1b67e5f	This ledger; immutable raw export; parent #78; [`ConcaveTrillion/ocr-container-meta#12`](https://github.com/ConcaveTrillion/ocr-container-meta/issues/12)	6842ec6b11c06c9b987b384b4abf7e9dc4699014	ConcaveTrillion	2026-07-19T15:41:12Z	ready
completed-013	pre_delete	150	I_kwDOONYVBs8AAAABCgdjpA	https://github.com/pdomain/pdomain-book-tools/issues/150	8312adb6ae50548778d6a49b3e951558f1b50fe7c8416ae853a03f94b287d027	This ledger; immutable raw export; parent #78; [`ConcaveTrillion/ocr-container-meta#12`](https://github.com/ConcaveTrillion/ocr-container-meta/issues/12)	6842ec6b11c06c9b987b384b4abf7e9dc4699014	ConcaveTrillion	2026-07-19T15:41:12Z	ready
completed-013	pre_delete	151	I_kwDOONYVBs8AAAABCgdj6g	https://github.com/pdomain/pdomain-book-tools/issues/151	32769c0e6069555619d594646227947da798a576fd9f5586e6bb8674b8c4ea5a	This ledger; immutable raw export; parent #78; [`ConcaveTrillion/ocr-container-meta#12`](https://github.com/ConcaveTrillion/ocr-container-meta/issues/12)	6842ec6b11c06c9b987b384b4abf7e9dc4699014	ConcaveTrillion	2026-07-19T15:41:12Z	ready
completed-013	pre_delete	152	I_kwDOONYVBs8AAAABCgdkLQ	https://github.com/pdomain/pdomain-book-tools/issues/152	be669161db8b3cbf8a8d53b3e2ec7f2e05c773a70302627d4446e036ebd88092	This ledger; immutable raw export; parent #78; [`ConcaveTrillion/ocr-container-meta#12`](https://github.com/ConcaveTrillion/ocr-container-meta/issues/12)	6842ec6b11c06c9b987b384b4abf7e9dc4699014	ConcaveTrillion	2026-07-19T15:41:12Z	ready
completed-013	pre_delete	153	I_kwDOONYVBs8AAAABCgdkcw	https://github.com/pdomain/pdomain-book-tools/issues/153	e8e444e3783aac8d3b8703f9aa5f817cbf1852a4773f22bc4fb54d5816b2a6c7	This ledger; immutable raw export; parent #78; [`ConcaveTrillion/ocr-container-meta#12`](https://github.com/ConcaveTrillion/ocr-container-meta/issues/12)	6842ec6b11c06c9b987b384b4abf7e9dc4699014	ConcaveTrillion	2026-07-19T15:41:12Z	ready
completed-013	pre_delete	154	I_kwDOONYVBs8AAAABCgdktA	https://github.com/pdomain/pdomain-book-tools/issues/154	04d4ef26d84343eef6cd8e65c3268eae48f822dce37c0ae7c0417ad21313bd44	This ledger; immutable raw export; parent #78; [`ConcaveTrillion/ocr-container-meta#12`](https://github.com/ConcaveTrillion/ocr-container-meta/issues/12)	6842ec6b11c06c9b987b384b4abf7e9dc4699014	ConcaveTrillion	2026-07-19T15:41:12Z	ready
completed-013	pre_delete	155	I_kwDOONYVBs8AAAABCgdk8w	https://github.com/pdomain/pdomain-book-tools/issues/155	d015a6e98a06cd901e76ccf6e5193a2cf7c8367396c7a0335de3345bfa0571f8	This ledger; immutable raw export; parent #78; [`ConcaveTrillion/ocr-container-meta#12`](https://github.com/ConcaveTrillion/ocr-container-meta/issues/12)	6842ec6b11c06c9b987b384b4abf7e9dc4699014	ConcaveTrillion	2026-07-19T15:41:12Z	ready
completed-013	pre_delete	156	I_kwDOONYVBs8AAAABCgdlPA	https://github.com/pdomain/pdomain-book-tools/issues/156	e11fe705f1d4eda3c67af3fa583ce73f92b0be9a844be56789c27eb0fc7407d2	This ledger; immutable raw export; parent #78; [`ConcaveTrillion/ocr-container-meta#12`](https://github.com/ConcaveTrillion/ocr-container-meta/issues/12)	6842ec6b11c06c9b987b384b4abf7e9dc4699014	ConcaveTrillion	2026-07-19T15:41:12Z	ready
completed-013	pre_delete	157	I_kwDOONYVBs8AAAABCgdlcg	https://github.com/pdomain/pdomain-book-tools/issues/157	b0c98220c30f907aa1760e60d7e55049099f9c4dc85417f512e52cb50f1f88f5	This ledger; immutable raw export; parent #78; [`ConcaveTrillion/ocr-container-meta#12`](https://github.com/ConcaveTrillion/ocr-container-meta/issues/12)	6842ec6b11c06c9b987b384b4abf7e9dc4699014	ConcaveTrillion	2026-07-19T15:41:12Z	ready
completed-013	pre_delete	158	I_kwDOONYVBs8AAAABCgdlrA	https://github.com/pdomain/pdomain-book-tools/issues/158	d7a29e5a7c635ab0a8f58044748244a4addd9c35cd80241daa6e57e145517e28	This ledger; immutable raw export; parent #78; [`ConcaveTrillion/ocr-container-meta#12`](https://github.com/ConcaveTrillion/ocr-container-meta/issues/12)	6842ec6b11c06c9b987b384b4abf7e9dc4699014	ConcaveTrillion	2026-07-19T15:41:12Z	ready
